review_item_key,supplier_code,source_page,normalized_material_code,unit_price,decision,block_reason,human_note
ABB_P18_1SDA066799R1_2584800,ABB,18,1SDA066799R1,2584800,UNREVIEWED,missing_human_approval,
ABB_P18_1SDA066810R1_3362400,ABB,18,1SDA066810R1,3362400,UNREVIEWED,missing_human_approval,
ABB_P18_1SDA066800R1_2584800,ABB,18,1SDA066800R1,2584800,UNREVIEWED,missing_human_approval,
ABB_P18_1SDA066811R1_3362400,ABB,18,1SDA066811R1,3362400,UNREVIEWED,missing_human_approval,
ABB_P18_1SDA066801R1_2584800,ABB,18,1SDA066801R1,2584800,UNREVIEWED,missing_human_approval,
ABB_P18_1SDA066812R1_3362400,ABB,18,1SDA066812R1,3362400,UNREVIEWED,missing_human_approval,
ABB_P18_1SDA066802R1_2584800,ABB,18,1SDA066802R1,2584800,UNREVIEWED,missing_human_approval,
ABB_P18_1SDA066813R1_3362400,ABB,18,1SDA066813R1,3362400,UNREVIEWED,missing_human_approval,
ABB_P18_1SDA066803R1_2584800,ABB,18,1SDA066803R1,2584800,UNREVIEWED,missing_human_approval,
ABB_P18_1SDA066814R1_3362400,ABB,18,1SDA066814R1,3362400,UNREVIEWED,missing_human_approval,
ABB_P18_1SDA066804R1_2985600,ABB,18,1SDA066804R1,2985600,UNREVIEWED,missing_human_approval,
ABB_P18_1SDA066815R1_3880800,ABB,18,1SDA066815R1,3880800,UNREVIEWED,missing_human_approval,
ABB_P18_1SDA066805R1_2985600,ABB,18,1SDA066805R1,2985600,UNREVIEWED,missing_human_approval,
ABB_P18_1SDA066816R1_3880800,ABB,18,1SDA066816R1,3880800,UNREVIEWED,missing_human_approval,
ABB_P18_1SDA066806R1_2985600,ABB,18,1SDA066806R1,2985600,UNREVIEWED,missing_human_approval,
ABB_P18_1SDA066817R1_3880800,ABB,18,1SDA066817R1,3880800,UNREVIEWED,missing_human_approval,
ABB_P18_1SDA066807R1_3583200,ABB,18,1SDA066807R1,3583200,UNREVIEWED,missing_human_approval,
ABB_P18_1SDA066818R1_4658400,ABB,18,1SDA066818R1,4658400,UNREVIEWED,missing_human_approval,
ABB_P18_1SDA066808R1_3760800,ABB,18,1SDA066808R1,3760800,UNREVIEWED,missing_human_approval,
ABB_P18_1SDA066888R1_4888800,ABB,18,1SDA066888R1,4888800,UNREVIEWED,missing_human_approval,
ABB_P18_1SDA066809R1_4888800,ABB,18,1SDA066809R1,4888800,UNREVIEWED,missing_human_approval,
ABB_P18_1SDA066820R1_6352800,ABB,18,1SDA066820R1,6352800,UNREVIEWED,missing_human_approval,
ABB_P18_1SDA067391R1_3672000,ABB,18,1SDA067391R1,3672000,UNREVIEWED,missing_human_approval,
ABB_P18_1SDA067400R1_4776000,ABB,18,1SDA067400R1,4776000,UNREVIEWED,missing_human_approval,
ABB_P18_1SDA067392R1_3672000,ABB,18,1SDA067392R1,3672000,UNREVIEWED,missing_human_approval,
ABB_P18_1SDA067401R1_4776000,ABB,18,1SDA067401R1,4776000,UNREVIEWED,missing_human_approval,
ABB_P18_1SDA067393R1_3672000,ABB,18,1SDA067393R1,3672000,UNREVIEWED,missing_human_approval,
ABB_P18_1SDA067402R1_4776000,ABB,18,1SDA067402R1,4776000,UNREVIEWED,missing_human_approval,
ABB_P18_1SDA067394R1_3904800,ABB,18,1SDA067394R1,3904800,UNREVIEWED,missing_human_approval,
ABB_P18_1SDA067403R1_5076000,ABB,18,1SDA067403R1,5076000,UNREVIEWED,missing_human_approval,
ABB_P18_1SDA067395R1_3904800,ABB,18,1SDA067395R1,3904800,UNREVIEWED,missing_human_approval,
ABB_P18_1SDA067404R1_5076000,ABB,18,1SDA067404R1,5076000,UNREVIEWED,missing_human_approval,
ABB_P18_1SDA067396R1_3996000,ABB,18,1SDA067396R1,3996000,UNREVIEWED,missing_human_approval,
ABB_P18_1SDA067405R1_5193600,ABB,18,1SDA067405R1,5193600,UNREVIEWED,missing_human_approval,
ABB_P18_1SDA067397R1_3996000,ABB,18,1SDA067397R1,3996000,UNREVIEWED,missing_human_approval,
ABB_P18_1SDA067406R1_5193600,ABB,18,1SDA067406R1,5193600,UNREVIEWED,missing_human_approval,
ABB_P18_1SDA067398R1_4195200,ABB,18,1SDA067398R1,4195200,UNREVIEWED,missing_human_approval,
ABB_P18_1SDA067409R1_5452800,ABB,18,1SDA067409R1,5452800,UNREVIEWED,missing_human_approval,
ABB_P18_1SDA067399R1_5452800,ABB,18,1SDA067399R1,5452800,UNREVIEWED,missing_human_approval,
ABB_P18_1SDA067408R1_7084800,ABB,18,1SDA067408R1,7084800,UNREVIEWED,missing_human_approval,
ABB_P18_1SDA067000R1_6945600,ABB,18,1SDA067000R1,6945600,UNREVIEWED,missing_human_approval,
ABB_P18_1SDA067021R1_9028800,ABB,18,1SDA067021R1,9028800,UNREVIEWED,missing_human_approval,
ABB_P18_1SDA067001R1_6945600,ABB,18,1SDA067001R1,6945600,UNREVIEWED,missing_human_approval,
ABB_P18_1SDA067022R1_9028800,ABB,18,1SDA067022R1,9028800,UNREVIEWED,missing_human_approval,
ABB_P18_1SDA067002R1_6945600,ABB,18,1SDA067002R1,6945600,UNREVIEWED,missing_human_approval,
ABB_P18_1SDA067023R1_9028800,ABB,18,1SDA067023R1,9028800,UNREVIEWED,missing_human_approval,
ABB_P18_1SDA067003R1_6945600,ABB,18,1SDA067003R1,6945600,UNREVIEWED,missing_human_approval,
ABB_P18_1SDA067024R1_9028800,ABB,18,1SDA067024R1,9028800,UNREVIEWED,missing_human_approval,
ABB_P18_1SDA067004R1_6945600,ABB,18,1SDA067004R1,6945600,UNREVIEWED,missing_human_approval,
ABB_P18_1SDA067025R1_9028800,ABB,18,1SDA067025R1,9028800,UNREVIEWED,missing_human_approval,
ABB_P18_1SDA067005R1_6945600,ABB,18,1SDA067005R1,6945600,UNREVIEWED,missing_human_approval,
ABB_P18_1SDA067026R1_9028800,ABB,18,1SDA067026R1,9028800,UNREVIEWED,missing_human_approval,
ABB_P18_1SDA067006R1_6945600,ABB,18,1SDA067006R1,6945600,UNREVIEWED,missing_human_approval,
ABB_P18_1SDA067027R1_9028800,ABB,18,1SDA067027R1,9028800,UNREVIEWED,missing_human_approval,
ABB_P18_1SDA067007R1_6945600,ABB,18,1SDA067007R1,6945600,UNREVIEWED,missing_human_approval,
ABB_P18_1SDA067028R1_9028800,ABB,18,1SDA067028R1,9028800,UNREVIEWED,missing_human_approval,
ABB_P18_1SDA067008R1_6945600,ABB,18,1SDA067008R1,6945600,UNREVIEWED,missing_human_approval,
ABB_P18_1SDA067029R1_9028800,ABB,18,1SDA067029R1,9028800,UNREVIEWED,missing_human_approval,
ABB_P18_1SDA067009R1_6945600,ABB,18,1SDA067009R1,6945600,UNREVIEWED,missing_human_approval,
ABB_P18_1SDA067030R1_9028800,ABB,18,1SDA067030R1,9028800,UNREVIEWED,missing_human_approval,
ABB_P18_1SDA067010R1_6945600,ABB,18,1SDA067010R1,6945600,UNREVIEWED,missing_human_approval,
ABB_P18_1SDA067031R1_9028800,ABB,18,1SDA067031R1,9028800,UNREVIEWED,missing_human_approval,
ABB_P18_1SDA067011R1_6945600,ABB,18,1SDA067011R1,6945600,UNREVIEWED,missing_human_approval,
ABB_P18_1SDA067032R1_9028800,ABB,18,1SDA067032R1,9028800,UNREVIEWED,missing_human_approval,
ABB_P18_1SDA067012R1_6945600,ABB,18,1SDA067012R1,6945600,UNREVIEWED,missing_human_approval,
ABB_P18_1SDA067033R1_9028800,ABB,18,1SDA067033R1,9028800,UNREVIEWED,missing_human_approval,
ABB_P18_1SDA067411R1_4629600,ABB,18,1SDA067411R1,4629600,UNREVIEWED,missing_human_approval,
ABB_P18_1SDA067419R1_6019200,ABB,18,1SDA067419R1,6019200,UNREVIEWED,missing_human_approval,
ABB_P18_1SDA067412R1_4629600,ABB,18,1SDA067412R1,4629600,UNREVIEWED,missing_human_approval,
ABB_P18_1SDA067420R1_6019200,ABB,18,1SDA067420R1,6019200,UNREVIEWED,missing_human_approval,
ABB_P18_1SDA067413R1_4629600,ABB,18,1SDA067413R1,4629600,UNREVIEWED,missing_human_approval,
ABB_P18_1SDA067421R1_6019200,ABB,18,1SDA067421R1,6019200,UNREVIEWED,missing_human_approval,
ABB_P18_1SDA067414R1_4629600,ABB,18,1SDA067414R1,4629600,UNREVIEWED,missing_human_approval,
ABB_P18_1SDA067422R1_6019200,ABB,18,1SDA067422R1,6019200,UNREVIEWED,missing_human_approval,
ABB_P18_1SDA067415R1_4629600,ABB,18,1SDA067415R1,4629600,UNREVIEWED,missing_human_approval,
ABB_P18_1SDA067423R1_6019200,ABB,18,1SDA067423R1,6019200,UNREVIEWED,missing_human_approval,
ABB_P18_1SDA067416R1_4629600,ABB,18,1SDA067416R1,4629600,UNREVIEWED,missing_human_approval,
ABB_P18_1SDA067424R1_6019200,ABB,18,1SDA067424R1,6019200,UNREVIEWED,missing_human_approval,
ABB_P18_1SDA067417R1_5668800,ABB,18,1SDA067417R1,5668800,UNREVIEWED,missing_human_approval,
ABB_P18_1SDA067427R1_7372800,ABB,18,1SDA067427R1,7372800,UNREVIEWED,missing_human_approval,
ABB_P18_1SDA067418R1_7596000,ABB,18,1SDA067418R1,7596000,UNREVIEWED,missing_human_approval,
ABB_P18_1SDA067426R1_9876000,ABB,18,1SDA067426R1,9876000,UNREVIEWED,missing_human_approval,
ABB_P18_1SDA068058R1_8642400,ABB,18,1SDA068058R1,8642400,UNREVIEWED,missing_human_approval,
ABB_P18_1SDA068065R1_11236800,ABB,18,1SDA068065R1,11236800,UNREVIEWED,missing_human_approval,
ABB_P18_1SDA068059R1_9364800,ABB,18,1SDA068059R1,9364800,UNREVIEWED,missing_human_approval,
ABB_P18_1SDA068066R1_12177600,ABB,18,1SDA068066R1,12177600,UNREVIEWED,missing_human_approval,
ABB_P18_1SDA054117R1_16564800,ABB,18,1SDA054117R1,16564800,UNREVIEWED,missing_human_approval,
ABB_P18_1SDA054121R1_23188800,ABB,18,1SDA054121R1,23188800,UNREVIEWED,missing_human_approval,
ABB_P18_1SDA054317R1_17500800,ABB,18,1SDA054317R1,17500800,UNREVIEWED,missing_human_approval,
ABB_P18_1SDA054325R1_22752000,ABB,18,1SDA054325R1,22752000,UNREVIEWED,missing_human_approval,
ABB_P18_1SDA054396R1_28274400,ABB,18,1SDA054396R1,28274400,UNREVIEWED,missing_human_approval,
ABB_P18_1SDA054400R1_36756000,ABB,18,1SDA054400R1,36756000,UNREVIEWED,missing_human_approval,
ABB_P19_1SDA067550R1_7221600,ABB,19,1SDA067550R1,7221600,UNREVIEWED,missing_human_approval,
ABB_P19_1SDA067571R1_9388800,ABB,19,1SDA067571R1,9388800,UNREVIEWED,missing_human_approval,
ABB_P19_1SDA067551R1_7221600,ABB,19,1SDA067551R1,7221600,UNREVIEWED,missing_human_approval,
ABB_P19_1SDA067572R1_9388800,ABB,19,1SDA067572R1,9388800,UNREVIEWED,missing_human_approval,
ABB_P19_1SDA067552R1_7221600,ABB,19,1SDA067552R1,7221600,UNREVIEWED,missing_human_approval,
ABB_P19_1SDA067573R1_9388800,ABB,19,1SDA067573R1,9388800,UNREVIEWED,missing_human_approval,
ABB_P19_1SDA067553R1_7221600,ABB,19,1SDA067553R1,7221600,UNREVIEWED,missing_human_approval,
ABB_P19_1SDA067574R1_9388800,ABB,19,1SDA067574R1,9388800,UNREVIEWED,missing_human_approval,
ABB_P19_1SDA067554R1_7221600,ABB,19,1SDA067554R1,7221600,UNREVIEWED,missing_human_approval,
ABB_P19_1SDA067575R1_9388800,ABB,19,1SDA067575R1,9388800,UNREVIEWED,missing_human_approval,
ABB_P19_1SDA067555R1_7221600,ABB,19,1SDA067555R1,7221600,UNREVIEWED,missing_human_approval,
ABB_P19_1SDA067576R1_9388800,ABB,19,1SDA067576R1,9388800,UNREVIEWED,missing_human_approval,
ABB_P19_1SDA067556R1_7221600,ABB,19,1SDA067556R1,7221600,UNREVIEWED,missing_human_approval,
ABB_P19_1SDA067577R1_9388800,ABB,19,1SDA067577R1,9388800,UNREVIEWED,missing_human_approval,
ABB_P19_1SDA067557R1_7221600,ABB,19,1SDA067557R1,7221600,UNREVIEWED,missing_human_approval,
ABB_P19_1SDA067578R1_9388800,ABB,19,1SDA067578R1,9388800,UNREVIEWED,missing_human_approval,
ABB_P19_1SDA067558R1_7221600,ABB,19,1SDA067558R1,7221600,UNREVIEWED,missing_human_approval,
ABB_P19_1SDA067579R1_9388800,ABB,19,1SDA067579R1,9388800,UNREVIEWED,missing_human_approval,
ABB_P19_1SDA067559R1_9648000,ABB,19,1SDA067559R1,9648000,UNREVIEWED,missing_human_approval,
ABB_P19_1SDA067580R1_12540000,ABB,19,1SDA067580R1,12540000,UNREVIEWED,missing_human_approval,
ABB_P19_1SDA067560R1_12240000,ABB,19,1SDA067560R1,12240000,UNREVIEWED,missing_human_approval,
ABB_P19_1SDA067581R1_15909600,ABB,19,1SDA067581R1,15909600,UNREVIEWED,missing_human_approval,
ABB_P19_1SDA068220R1_9693600,ABB,19,1SDA068220R1,9693600,UNREVIEWED,missing_human_approval,
ABB_P19_1SDA068227R1_12600000,ABB,19,1SDA068227R1,12600000,UNREVIEWED,missing_human_approval,
ABB_P19_1SDA068221R1_10701600,ABB,19,1SDA068221R1,10701600,UNREVIEWED,missing_human_approval,
ABB_P19_1SDA068228R1_13910400,ABB,19,1SDA068228R1,13910400,UNREVIEWED,missing_human_approval,
ABB_P19_1SDA054125R1_19063200,ABB,19,1SDA054125R1,19063200,UNREVIEWED,missing_human_approval,
ABB_P19_1SDA054129R1_26688000,ABB,19,1SDA054129R1,26688000,UNREVIEWED,missing_human_approval,
ABB_P19_1SDA054333R1_19447200,ABB,19,1SDA054333R1,19447200,UNREVIEWED,missing_human_approval,
ABB_P19_1SDA054341R1_25281600,ABB,19,1SDA054341R1,25281600,UNREVIEWED,missing_human_approval,
ABB_P19_1SDA054404R1_31416000,ABB,19,1SDA054404R1,31416000,UNREVIEWED,missing_human_approval,
ABB_P19_1SDA054408R1_40843200,ABB,19,1SDA054408R1,40843200,UNREVIEWED,missing_human_approval,
ABB_P19_1SDA067594R1_7500000,ABB,19,1SDA067594R1,7500000,UNREVIEWED,missing_human_approval,
ABB_P19_1SDA067615R1_9748800,ABB,19,1SDA067615R1,9748800,UNREVIEWED,missing_human_approval,
ABB_P19_1SDA067595R1_7500000,ABB,19,1SDA067595R1,7500000,UNREVIEWED,missing_human_approval,
ABB_P19_1SDA067616R1_9748800,ABB,19,1SDA067616R1,9748800,UNREVIEWED,missing_human_approval,
ABB_P19_1SDA067596R1_7500000,ABB,19,1SDA067596R1,7500000,UNREVIEWED,missing_human_approval,
ABB_P19_1SDA067617R1_9748800,ABB,19,1SDA067617R1,9748800,UNREVIEWED,missing_human_approval,
ABB_P19_1SDA067597R1_7500000,ABB,19,1SDA067597R1,7500000,UNREVIEWED,missing_human_approval,
ABB_P19_1SDA067618R1_9748800,ABB,19,1SDA067618R1,9748800,UNREVIEWED,missing_human_approval,
ABB_P19_1SDA067598R1_7500000,ABB,19,1SDA067598R1,7500000,UNREVIEWED,missing_human_approval,
ABB_P19_1SDA067619R1_9748800,ABB,19,1SDA067619R1,9748800,UNREVIEWED,missing_human_approval,
ABB_P19_1SDA067599R1_7500000,ABB,19,1SDA067599R1,7500000,UNREVIEWED,missing_human_approval,
ABB_P19_1SDA067620R1_9748800,ABB,19,1SDA067620R1,9748800,UNREVIEWED,missing_human_approval,
ABB_P19_1SDA067600R1_7500000,ABB,19,1SDA067600R1,7500000,UNREVIEWED,missing_human_approval,
ABB_P19_1SDA067621R1_9748800,ABB,19,1SDA067621R1,9748800,UNREVIEWED,missing_human_approval,
ABB_P19_1SDA067601R1_7500000,ABB,19,1SDA067601R1,7500000,UNREVIEWED,missing_human_approval,
ABB_P19_1SDA067622R1_9748800,ABB,19,1SDA067622R1,9748800,UNREVIEWED,missing_human_approval,
ABB_P19_1SDA067602R1_7500000,ABB,19,1SDA067602R1,7500000,UNREVIEWED,missing_human_approval,
ABB_P19_1SDA067623R1_9748800,ABB,19,1SDA067623R1,9748800,UNREVIEWED,missing_human_approval,
ABB_P19_1SDA067603R1_10336800,ABB,19,1SDA067603R1,10336800,UNREVIEWED,missing_human_approval,
ABB_P19_1SDA067624R1_13440000,ABB,19,1SDA067624R1,13440000,UNREVIEWED,missing_human_approval,
ABB_P19_1SDA067604R1_12480000,ABB,19,1SDA067604R1,12480000,UNREVIEWED,missing_human_approval,
ABB_P19_1SDA067625R1_16226400,ABB,19,1SDA067625R1,16226400,UNREVIEWED,missing_human_approval,
ABB_P19_1SDA068343R1_14822400,ABB,19,1SDA068343R1,14822400,UNREVIEWED,missing_human_approval,
ABB_P19_1SDA068362R1_20752800,ABB,19,1SDA068362R1,20752800,UNREVIEWED,missing_human_approval,
ABB_P19_1SDA068345R1_16365600,ABB,19,1SDA068345R1,16365600,UNREVIEWED,missing_human_approval,
ABB_P19_1SDA068364R1_22912800,ABB,19,1SDA068364R1,22912800,UNREVIEWED,missing_human_approval,
ABB_P19_1SDA054133R1_20659200,ABB,19,1SDA054133R1,20659200,UNREVIEWED,missing_human_approval,
ABB_P19_1SDA054137R1_28922400,ABB,19,1SDA054137R1,28922400,UNREVIEWED,missing_human_approval,
ABB_P19_1SDA054349R1_20880000,ABB,19,1SDA054349R1,20880000,UNREVIEWED,missing_human_approval,
ABB_P19_1SDA054357R1_27141600,ABB,19,1SDA054357R1,27141600,UNREVIEWED,missing_human_approval,
ABB_P19_1SDA054412R1_36928800,ABB,19,1SDA054412R1,36928800,UNREVIEWED,missing_human_approval,
ABB_P19_1SDA054416R1_48002400,ABB,19,1SDA054416R1,48002400,UNREVIEWED,missing_human_approval,
ABB_P19_1SDA067638R1_9000000,ABB,19,1SDA067638R1,9000000,UNREVIEWED,missing_human_approval,
ABB_P19_1SDA067659R1_11700000,ABB,19,1SDA067659R1,11700000,UNREVIEWED,missing_human_approval,
ABB_P19_1SDA067640R1_9000000,ABB,19,1SDA067640R1,9000000,UNREVIEWED,missing_human_approval,
ABB_P19_1SDA067661R1_11700000,ABB,19,1SDA067661R1,11700000,UNREVIEWED,missing_human_approval,
ABB_P19_1SDA067641R1_9000000,ABB,19,1SDA067641R1,9000000,UNREVIEWED,missing_human_approval,
ABB_P19_1SDA067662R1_11700000,ABB,19,1SDA067662R1,11700000,UNREVIEWED,missing_human_approval,
ABB_P19_1SDA067642R1_9000000,ABB,19,1SDA067642R1,9000000,UNREVIEWED,missing_human_approval,
ABB_P19_1SDA067663R1_11700000,ABB,19,1SDA067663R1,11700000,UNREVIEWED,missing_human_approval,
ABB_P19_1SDA067643R1_9000000,ABB,19,1SDA067643R1,9000000,UNREVIEWED,missing_human_approval,
ABB_P19_1SDA067664R1_11700000,ABB,19,1SDA067664R1,11700000,UNREVIEWED,missing_human_approval,
ABB_P19_1SDA067644R1_9000000,ABB,19,1SDA067644R1,9000000,UNREVIEWED,missing_human_approval,
ABB_P19_1SDA067665R1_11700000,ABB,19,1SDA067665R1,11700000,UNREVIEWED,missing_human_approval,
ABB_P19_1SDA067645R1_9000000,ABB,19,1SDA067645R1,9000000,UNREVIEWED,missing_human_approval,
ABB_P19_1SDA067666R1_11700000,ABB,19,1SDA067666R1,11700000,UNREVIEWED,missing_human_approval,
ABB_P19_1SDA067646R1_9000000,ABB,19,1SDA067646R1,9000000,UNREVIEWED,missing_human_approval,
ABB_P19_1SDA067667R1_11700000,ABB,19,1SDA067667R1,11700000,UNREVIEWED,missing_human_approval,
ABB_P19_1SDA067647R1_12405600,ABB,19,1SDA067647R1,12405600,UNREVIEWED,missing_human_approval,
ABB_P19_1SDA067668R1_16125600,ABB,19,1SDA067668R1,16125600,UNREVIEWED,missing_human_approval,
ABB_P19_1SDA067648R1_14978400,ABB,19,1SDA067648R1,14978400,UNREVIEWED,missing_human_approval,
ABB_P19_1SDA067669R1_19471200,ABB,19,1SDA067669R1,19471200,UNREVIEWED,missing_human_approval,
ABB_P19_1SDA068555R1_21604800,ABB,19,1SDA068555R1,21604800,UNREVIEWED,missing_human_approval,
ABB_P19_1SDA068575R1_30242400,ABB,19,1SDA068575R1,30242400,UNREVIEWED,missing_human_approval,
ABB_P19_1SDA054141R1_26239200,ABB,19,1SDA054141R1,26239200,UNREVIEWED,missing_human_approval,
ABB_P19_1SDA054145R1_36732000,ABB,19,1SDA054145R1,36732000,UNREVIEWED,missing_human_approval,
ABB_P19_1SDA054365R1_29856000,ABB,19,1SDA054365R1,29856000,UNREVIEWED,missing_human_approval,
ABB_P19_1SDA054373R1_38812800,ABB,19,1SDA054373R1,38812800,UNREVIEWED,missing_human_approval,
ABB_P19_1SDA054420R1_40617600,ABB,19,1SDA054420R1,40617600,UNREVIEWED,missing_human_approval,
ABB_P19_1SDA054424R1_52807200,ABB,19,1SDA054424R1,52807200,UNREVIEWED,missing_human_approval,
ABB_P20_1SDA060268R1_38611200,ABB,20,1SDA060268R1,38611200,UNREVIEWED,missing_human_approval,
ABB_P20_1SDA060273R1_50196000,ABB,20,1SDA060273R1,50196000,UNREVIEWED,missing_human_approval,
ABB_P20_1SDA060278R1_42844800,ABB,20,1SDA060278R1,42844800,UNREVIEWED,missing_human_approval,
ABB_P20_1SDA060283R1_55699200,ABB,20,1SDA060283R1,55699200,UNREVIEWED,missing_human_approval,
ABB_P20_1SDA062738R1_46692000,ABB,20,1SDA062738R1,46692000,UNREVIEWED,missing_human_approval,
ABB_P20_1SDA062746R1_60698400,ABB,20,1SDA062746R1,60698400,UNREVIEWED,missing_human_approval,
ABB_P20_1SDA062866R1_52226400,ABB,20,1SDA062866R1,52226400,UNREVIEWED,missing_human_approval,
ABB_P20_1SDA062874R1_67893600,ABB,20,1SDA062874R1,67893600,UNREVIEWED,missing_human_approval,
ABB_P20_1SDA062994R1_75544800,ABB,20,1SDA062994R1,75544800,UNREVIEWED,missing_human_approval,
ABB_P20_1SDA063002R1_98212800,ABB,20,1SDA063002R1,98212800,UNREVIEWED,missing_human_approval,
ABB_P20_1SDA060289R1_49346400,ABB,20,1SDA060289R1,49346400,UNREVIEWED,missing_human_approval,
ABB_P20_1SDA060294R1_64152000,ABB,20,1SDA060294R1,64152000,UNREVIEWED,missing_human_approval,
ABB_P20_1SDA062770R1_53390400,ABB,20,1SDA062770R1,53390400,UNREVIEWED,missing_human_approval,
ABB_P20_1SDA062778R1_69403200,ABB,20,1SDA062778R1,69403200,UNREVIEWED,missing_human_approval,
ABB_P20_1SDA062898R1_58728000,ABB,20,1SDA062898R1,58728000,UNREVIEWED,missing_human_approval,
ABB_P20_1SDA062906R1_76344000,ABB,20,1SDA062906R1,76344000,UNREVIEWED,missing_human_approval,
ABB_P20_1SDA063026R1_87662400,ABB,20,1SDA063026R1,87662400,UNREVIEWED,missing_human_approval,
ABB_P20_1SDA063034R1_113961600,ABB,20,1SDA063034R1,113961600,UNREVIEWED,missing_human_approval,
ABB_P20_1SDA060299R1_59294400,ABB,20,1SDA060299R1,59294400,UNREVIEWED,missing_human_approval,
ABB_P20_1SDA060305R1_77085600,ABB,20,1SDA060305R1,77085600,UNREVIEWED,missing_human_approval,
ABB_P20_1SDA062802R1_65184000,ABB,20,1SDA062802R1,65184000,UNREVIEWED,missing_human_approval,
ABB_P20_1SDA062810R1_84739200,ABB,20,1SDA062810R1,84739200,UNREVIEWED,missing_human_approval,
ABB_P20_1SDA062930R1_70180800,ABB,20,1SDA062930R1,70180800,UNREVIEWED,missing_human_approval,
ABB_P20_1SDA063058R1_100860000,ABB,20,1SDA063058R1,100860000,UNREVIEWED,missing_human_approval,
ABB_P20_1SDA061981R1_47556000,ABB,20,1SDA061981R1,47556000,UNREVIEWED,missing_human_approval,
ABB_P20_1SDA061989R1_61824000,ABB,20,1SDA061989R1,61824000,UNREVIEWED,missing_human_approval,
ABB_P20_1SDA062754R1_48093600,ABB,20,1SDA062754R1,48093600,UNREVIEWED,missing_human_approval,
ABB_P20_1SDA062762R1_62520000,ABB,20,1SDA062762R1,62520000,UNREVIEWED,missing_human_approval,
ABB_P20_1SDA062882R1_53793600,ABB,20,1SDA062882R1,53793600,UNREVIEWED,missing_human_approval,
ABB_P20_1SDA062890R1_69931200,ABB,20,1SDA062890R1,69931200,UNREVIEWED,missing_human_approval,
ABB_P20_1SDA063010R1_77812800,ABB,20,1SDA063010R1,77812800,UNREVIEWED,missing_human_approval,
ABB_P20_1SDA063018R1_101160000,ABB,20,1SDA063018R1,101160000,UNREVIEWED,missing_human_approval,
ABB_P20_1SDA062658R1_54374400,ABB,20,1SDA062658R1,54374400,UNREVIEWED,missing_human_approval,
ABB_P20_1SDA062666R1_70689600,ABB,20,1SDA062666R1,70689600,UNREVIEWED,missing_human_approval,
ABB_P20_1SDA062786R1_54991200,ABB,20,1SDA062786R1,54991200,UNREVIEWED,missing_human_approval,
ABB_P20_1SDA062794R1_71486400,ABB,20,1SDA062794R1,71486400,UNREVIEWED,missing_human_approval,
ABB_P20_1SDA062914R1_60492000,ABB,20,1SDA062914R1,60492000,UNREVIEWED,missing_human_approval,
ABB_P20_1SDA062922R1_78636000,ABB,20,1SDA062922R1,78636000,UNREVIEWED,missing_human_approval,
ABB_P20_1SDA063042R1_90292800,ABB,20,1SDA063042R1,90292800,UNREVIEWED,missing_human_approval,
ABB_P20_1SDA063050R1_117381600,ABB,20,1SDA063050R1,117381600,UNREVIEWED,missing_human_approval,
ABB_P20_1SDA062690R1_66388800,ABB,20,1SDA062690R1,66388800,UNREVIEWED,missing_human_approval,
ABB_P20_1SDA062698R1_86308800,ABB,20,1SDA062698R1,86308800,UNREVIEWED,missing_human_approval,
ABB_P20_1SDA062818R1_67137600,ABB,20,1SDA062818R1,67137600,UNREVIEWED,missing_human_approval,
ABB_P20_1SDA062826R1_87283200,ABB,20,1SDA062826R1,87283200,UNREVIEWED,missing_human_approval,
ABB_P20_1SDA062946R1_72285600,ABB,20,1SDA062946R1,72285600,UNREVIEWED,missing_human_approval,
ABB_P20_1SDA062954R1_93974400,ABB,20,1SDA062954R1,93974400,UNREVIEWED,missing_human_approval,
ABB_P20_1SDA063074R1_103886400,ABB,20,1SDA063074R1,103886400,UNREVIEWED,missing_human_approval,
ABB_P20_1SDA063082R1_135052800,ABB,20,1SDA063082R1,135052800,UNREVIEWED,missing_human_approval,
ABB_P20_1SDA062722R1_70900800,ABB,20,1SDA062722R1,70900800,UNREVIEWED,missing_human_approval,
ABB_P20_1SDA062730R1_92174400,ABB,20,1SDA062730R1,92174400,UNREVIEWED,missing_human_approval,
ABB_P20_1SDA062850R1_71702400,ABB,20,1SDA062850R1,71702400,UNREVIEWED,missing_human_approval,
ABB_P20_1SDA062858R1_93213600,ABB,20,1SDA062858R1,93213600,UNREVIEWED,missing_human_approval,
ABB_P20_1SDA062978R1_79516800,ABB,20,1SDA062978R1,79516800,UNREVIEWED,missing_human_approval,
ABB_P20_1SDA062986R1_103368000,ABB,20,1SDA062986R1,103368000,UNREVIEWED,missing_human_approval,
ABB_P32_1SDA070701R1_110582400,ABB,32,1SDA070701R1,110582400,UNREVIEWED,missing_human_approval,
ABB_P32_1SDA071331R1_136567200,ABB,32,1SDA071331R1,136567200,UNREVIEWED,missing_human_approval,
ABB_P32_1SDA070741R1_114002400,ABB,32,1SDA070741R1,114002400,UNREVIEWED,missing_human_approval,
ABB_P32_1SDA071371R1_140793600,ABB,32,1SDA071371R1,140793600,UNREVIEWED,missing_human_approval,
ABB_P32_1SDA070781R1_115692000,ABB,32,1SDA070781R1,115692000,UNREVIEWED,missing_human_approval,
ABB_P32_1SDA071411R1_142879200,ABB,32,1SDA071411R1,142879200,UNREVIEWED,missing_human_approval,
ABB_P32_1SDA070821R1_112759200,ABB,32,1SDA070821R1,112759200,UNREVIEWED,missing_human_approval,
ABB_P32_1SDA071451R1_139257600,ABB,32,1SDA071451R1,139257600,UNREVIEWED,missing_human_approval,
ABB_P32_1SDA070861R1_112684800,ABB,32,1SDA070861R1,112684800,UNREVIEWED,missing_human_approval,
ABB_P32_1SDA071491R1_139166400,ABB,32,1SDA071491R1,139166400,UNREVIEWED,missing_human_approval,
ABB_P32_1SDA071021R1_166312800,ABB,32,1SDA071021R1,166312800,UNREVIEWED,missing_human_approval,
ABB_P32_1SDA071651R1_205394400,ABB,32,1SDA071651R1,205394400,UNREVIEWED,missing_human_approval,
ABB_P32_1SDA070711R1_117216000,ABB,32,1SDA070711R1,117216000,UNREVIEWED,missing_human_approval,
ABB_P32_1SDA071341R1_144760800,ABB,32,1SDA071341R1,144760800,UNREVIEWED,missing_human_approval,
ABB_P32_1SDA070751R1_120842400,ABB,32,1SDA070751R1,120842400,UNREVIEWED,missing_human_approval,
ABB_P32_1SDA071381R1_149241600,ABB,32,1SDA071381R1,149241600,UNREVIEWED,missing_human_approval,
ABB_P32_1SDA070791R1_122632800,ABB,32,1SDA070791R1,122632800,UNREVIEWED,missing_human_approval,
ABB_P32_1SDA071421R1_151452000,ABB,32,1SDA071421R1,151452000,UNREVIEWED,missing_human_approval,
ABB_P32_1SDA070831R1_119524800,ABB,32,1SDA070831R1,119524800,UNREVIEWED,missing_human_approval,
ABB_P32_1SDA071461R1_147614400,ABB,32,1SDA071461R1,147614400,UNREVIEWED,missing_human_approval,
ABB_P32_1SDA070871R1_119448000,ABB,32,1SDA070871R1,119448000,UNREVIEWED,missing_human_approval,
ABB_P32_1SDA071501R1_147518400,ABB,32,1SDA071501R1,147518400,UNREVIEWED,missing_human_approval,
ABB_P32_1SDA070691R1_124905600,ABB,32,1SDA070691R1,124905600,UNREVIEWED,missing_human_approval,
ABB_P32_1SDA071321R1_154260000,ABB,32,1SDA071321R1,154260000,UNREVIEWED,missing_human_approval,
ABB_P32_1SDA070721R1_130111200,ABB,32,1SDA070721R1,130111200,UNREVIEWED,missing_human_approval,
ABB_P32_1SDA071351R1_160687200,ABB,32,1SDA071351R1,160687200,UNREVIEWED,missing_human_approval,
ABB_P32_1SDA070761R1_134136000,ABB,32,1SDA070761R1,134136000,UNREVIEWED,missing_human_approval,
ABB_P32_1SDA071391R1_165657600,ABB,32,1SDA071391R1,165657600,UNREVIEWED,missing_human_approval,
ABB_P32_1SDA070801R1_136123200,ABB,32,1SDA070801R1,136123200,UNREVIEWED,missing_human_approval,
ABB_P32_1SDA071431R1_168112800,ABB,32,1SDA071431R1,168112800,UNREVIEWED,missing_human_approval,
ABB_P32_1SDA070841R1_132672000,ABB,32,1SDA070841R1,132672000,UNREVIEWED,missing_human_approval,
ABB_P32_1SDA071471R1_163850400,ABB,32,1SDA071471R1,163850400,UNREVIEWED,missing_human_approval,
ABB_P32_1SDA070881R1_132585600,ABB,32,1SDA070881R1,132585600,UNREVIEWED,missing_human_approval,
ABB_P32_1SDA071511R1_163747200,ABB,32,1SDA071511R1,163747200,UNREVIEWED,missing_human_approval,
ABB_P32_1SDA071031R1_213223200,ABB,32,1SDA071031R1,213223200,UNREVIEWED,missing_human_approval,
ABB_P32_1SDA071661R1_263330400,ABB,32,1SDA071661R1,263330400,UNREVIEWED,missing_human_approval,
ABB_P32_1SDA071061R1_232411200,ABB,32,1SDA071061R1,232411200,UNREVIEWED,missing_human_approval,
ABB_P32_1SDA071691R1_287028000,ABB,32,1SDA071691R1,287028000,UNREVIEWED,missing_human_approval,
ABB_P32_1SDA071141R1_246818400,ABB,32,1SDA071141R1,246818400,UNREVIEWED,missing_human_approval,
ABB_P32_1SDA071771R1_304819200,ABB,32,1SDA071771R1,304819200,UNREVIEWED,missing_human_approval,
ABB_P32_1SDA071191R1_338140800,ABB,32,1SDA071191R1,338140800,UNREVIEWED,missing_human_approval,
ABB_P32_1SDA071821R1_417602400,ABB,32,1SDA071821R1,417602400,UNREVIEWED,missing_human_approval,
ABB_P32_1SDA073628R1_154116000,ABB,32,1SDA073628R1,154116000,UNREVIEWED,missing_human_approval,
ABB_P32_1SDA073638R1_190334400,ABB,32,1SDA073638R1,190334400,UNREVIEWED,missing_human_approval,
ABB_P32_1SDA070901R1_158884800,ABB,32,1SDA070901R1,158884800,UNREVIEWED,missing_human_approval,
ABB_P32_1SDA071531R1_196221600,ABB,32,1SDA071531R1,196221600,UNREVIEWED,missing_human_approval,
ABB_P32_1SDA070931R1_166826400,ABB,32,1SDA070931R1,166826400,UNREVIEWED,missing_human_approval,
ABB_P32_1SDA071561R1_206032800,ABB,32,1SDA071561R1,206032800,UNREVIEWED,missing_human_approval,
ABB_P32_1SDA070961R1_168163200,ABB,32,1SDA070961R1,168163200,UNREVIEWED,missing_human_approval,
ABB_P32_1SDA071591R1_207681600,ABB,32,1SDA071591R1,207681600,UNREVIEWED,missing_human_approval,
ABB_P32_1SDA071001R1_191832000,ABB,32,1SDA071001R1,191832000,UNREVIEWED,missing_human_approval,
ABB_P32_1SDA071631R1_236913600,ABB,32,1SDA071631R1,236913600,UNREVIEWED,missing_human_approval,
ABB_P32_1SDA071041R1_224443200,ABB,32,1SDA071041R1,224443200,UNREVIEWED,missing_human_approval,
ABB_P32_1SDA071671R1_277190400,ABB,32,1SDA071671R1,277190400,UNREVIEWED,missing_human_approval,
ABB_P32_1SDA071071R1_244644000,ABB,32,1SDA071071R1,244644000,UNREVIEWED,missing_human_approval,
ABB_P32_1SDA071701R1_302136000,ABB,32,1SDA071701R1,302136000,UNREVIEWED,missing_human_approval,
ABB_P32_1SDA071151R1_288777600,ABB,32,1SDA071151R1,288777600,UNREVIEWED,missing_human_approval,
ABB_P32_1SDA071781R1_356640000,ABB,32,1SDA071781R1,356640000,UNREVIEWED,missing_human_approval,
ABB_P32_1SDA071201R1_395623200,ABB,32,1SDA071201R1,395623200,UNREVIEWED,missing_human_approval,
ABB_P32_1SDA071831R1_488596800,ABB,32,1SDA071831R1,488596800,UNREVIEWED,missing_human_approval,
ABB_P32_1SDA070911R1_186921600,ABB,32,1SDA070911R1,186921600,UNREVIEWED,missing_human_approval,
ABB_P32_1SDA071541R1_230848800,ABB,32,1SDA071541R1,230848800,UNREVIEWED,missing_human_approval,
ABB_P32_1SDA070941R1_196272000,ABB,32,1SDA070941R1,196272000,UNREVIEWED,missing_human_approval,
ABB_P32_1SDA071571R1_242392800,ABB,32,1SDA071571R1,242392800,UNREVIEWED,missing_human_approval,
ABB_P32_1SDA070971R1_197839200,ABB,32,1SDA070971R1,197839200,UNREVIEWED,missing_human_approval,
ABB_P32_1SDA071601R1_244329600,ABB,32,1SDA071601R1,244329600,UNREVIEWED,missing_human_approval,
ABB_P32_1SDA071011R1_225686400,ABB,32,1SDA071011R1,225686400,UNREVIEWED,missing_human_approval,
ABB_P32_1SDA071641R1_278721600,ABB,32,1SDA071641R1,278721600,UNREVIEWED,missing_human_approval,
ABB_P32_1SDA071051R1_264052800,ABB,32,1SDA071051R1,264052800,UNREVIEWED,missing_human_approval,
ABB_P32_1SDA071681R1_326104800,ABB,32,1SDA071681R1,326104800,UNREVIEWED,missing_human_approval,
ABB_P32_1SDA071081R1_287815200,ABB,32,1SDA071081R1,287815200,UNREVIEWED,missing_human_approval,
ABB_P32_1SDA071711R1_355454400,ABB,32,1SDA071711R1,355454400,UNREVIEWED,missing_human_approval,
ABB_P32_1SDA071161R1_343644000,ABB,32,1SDA071161R1,343644000,UNREVIEWED,missing_human_approval,
ABB_P32_1SDA071791R1_424401600,ABB,32,1SDA071791R1,424401600,UNREVIEWED,missing_human_approval,
ABB_P32_1SDA071211R1_470793600,ABB,32,1SDA071211R1,470793600,UNREVIEWED,missing_human_approval,
ABB_P32_1SDA071841R1_581428800,ABB,32,1SDA071841R1,581428800,UNREVIEWED,missing_human_approval,
ABB_P32_1SDA071261R1_767222400,ABB,32,1SDA071261R1,767222400,UNREVIEWED,missing_human_approval,
ABB_P32_1SDA071891R1_947520000,ABB,32,1SDA071891R1,947520000,UNREVIEWED,missing_human_approval,
ABB_P32_1SDA071291R1_981756000,ABB,32,1SDA071291R1,981756000,UNREVIEWED,missing_human_approval,
ABB_P32_1SDA071921R1_1212468000,ABB,32,1SDA071921R1,1212468000,UNREVIEWED,missing_human_approval,
ABB_P32_1SDA071101R1_302040000,ABB,32,1SDA071101R1,302040000,UNREVIEWED,missing_human_approval,
ABB_P32_1SDA071731R1_373020000,ABB,32,1SDA071731R1,373020000,UNREVIEWED,missing_human_approval,
ABB_P32_1SDA071121R1_317140800,ABB,32,1SDA071121R1,317140800,UNREVIEWED,missing_human_approval,
ABB_P32_1SDA071751R1_391672800,ABB,32,1SDA071751R1,391672800,UNREVIEWED,missing_human_approval,
ABB_P32_1SDA071171R1_427838400,ABB,32,1SDA071171R1,427838400,UNREVIEWED,missing_human_approval,
ABB_P32_1SDA071801R1_528379200,ABB,32,1SDA071801R1,528379200,UNREVIEWED,missing_human_approval,
ABB_P32_1SDA071241R1_781416000,ABB,32,1SDA071241R1,781416000,UNREVIEWED,missing_human_approval,
ABB_P32_1SDA071871R1_965049600,ABB,32,1SDA071871R1,965049600,UNREVIEWED,missing_human_approval,
ABB_P32_1SDA071271R1_805581600,ABB,32,1SDA071271R1,805581600,UNREVIEWED,missing_human_approval,
ABB_P32_1SDA071901R1_994893600,ABB,32,1SDA071901R1,994893600,UNREVIEWED,missing_human_approval,
ABB_P32_1SDA071301R1_1030845600,ABB,32,1SDA071301R1,1030845600,UNREVIEWED,missing_human_approval,
ABB_P32_1SDA071931R1_1273094400,ABB,32,1SDA071931R1,1273094400,UNREVIEWED,missing_human_approval,
ABB_P32_1SDA071251R1_929884800,ABB,32,1SDA071251R1,929884800,UNREVIEWED,missing_human_approval,
ABB_P32_1SDA071881R1_1148407200,ABB,32,1SDA071881R1,1148407200,UNREVIEWED,missing_human_approval,
ABB_P32_1SDA071281R1_958641600,ABB,32,1SDA071281R1,958641600,UNREVIEWED,missing_human_approval,
ABB_P32_1SDA071911R1_1183922400,ABB,32,1SDA071911R1,1183922400,UNREVIEWED,missing_human_approval,
ABB_P32_1SDA071311R1_1226704800,ABB,32,1SDA071311R1,1226704800,UNREVIEWED,missing_human_approval,
ABB_P32_1SDA071941R1_1514980800,ABB,32,1SDA071941R1,1514980800,UNREVIEWED,missing_human_approval,
ABB_P33_1SDA072051R1_120532800,ABB,33,1SDA072051R1,120532800,UNREVIEWED,missing_human_approval,
ABB_P33_1SDA072091R1_124262400,ABB,33,1SDA072091R1,124262400,UNREVIEWED,missing_human_approval,
ABB_P33_1SDA072131R1_126103200,ABB,33,1SDA072131R1,126103200,UNREVIEWED,missing_human_approval,
ABB_P33_1SDA072171R1_122908800,ABB,33,1SDA072171R1,122908800,UNREVIEWED,missing_human_approval,
ABB_P33_1SDA072211R1_122827200,ABB,33,1SDA072211R1,122827200,UNREVIEWED,missing_human_approval,
ABB_P33_1SDA072371R1_182112000,ABB,33,1SDA072371R1,182112000,UNREVIEWED,missing_human_approval,
ABB_P33_1SDA072061R1_127766400,ABB,33,1SDA072061R1,127766400,UNREVIEWED,missing_human_approval,
ABB_P33_1SDA072101R1_131719200,ABB,33,1SDA072101R1,131719200,UNREVIEWED,missing_human_approval,
ABB_P33_1SDA072141R1_133668000,ABB,33,1SDA072141R1,133668000,UNREVIEWED,missing_human_approval,
ABB_P33_1SDA072181R1_130281600,ABB,33,1SDA072181R1,130281600,UNREVIEWED,missing_human_approval,
ABB_P33_1SDA072221R1_130197600,ABB,33,1SDA072221R1,130197600,UNREVIEWED,missing_human_approval,
ABB_P33_1SDA072041R1_136147200,ABB,33,1SDA072041R1,136147200,UNREVIEWED,missing_human_approval,
ABB_P33_1SDA072071R1_141820800,ABB,33,1SDA072071R1,141820800,UNREVIEWED,missing_human_approval,
ABB_P33_1SDA072111R1_146208000,ABB,33,1SDA072111R1,146208000,UNREVIEWED,missing_human_approval,
ABB_P33_1SDA072151R1_148372800,ABB,33,1SDA072151R1,148372800,UNREVIEWED,missing_human_approval,
ABB_P33_1SDA072191R1_144612000,ABB,33,1SDA072191R1,144612000,UNREVIEWED,missing_human_approval,
ABB_P33_1SDA072231R1_144520800,ABB,33,1SDA072231R1,144520800,UNREVIEWED,missing_human_approval,
ABB_P33_1SDA072381R1_233476800,ABB,33,1SDA072381R1,233476800,UNREVIEWED,missing_human_approval,
ABB_P33_1SDA072411R1_254491200,ABB,33,1SDA072411R1,254491200,UNREVIEWED,missing_human_approval,
ABB_P33_1SDA072491R1_270511200,ABB,33,1SDA072491R1,270511200,UNREVIEWED,missing_human_approval,
ABB_P33_1SDA072541R1_370600800,ABB,33,1SDA072541R1,370600800,UNREVIEWED,missing_human_approval,
ABB_P33_1SDA073648R1_168758400,ABB,33,1SDA073648R1,168758400,UNREVIEWED,missing_human_approval,
ABB_P33_1SDA072251R1_173978400,ABB,33,1SDA072251R1,173978400,UNREVIEWED,missing_human_approval,
ABB_P33_1SDA072281R1_182676000,ABB,33,1SDA072281R1,182676000,UNREVIEWED,missing_human_approval,
ABB_P33_1SDA072311R1_184140000,ABB,33,1SDA072311R1,184140000,UNREVIEWED,missing_human_approval,
ABB_P33_1SDA072351R1_210055200,ABB,33,1SDA072351R1,210055200,UNREVIEWED,missing_human_approval,
ABB_P33_1SDA072391R1_245767200,ABB,33,1SDA072391R1,245767200,UNREVIEWED,missing_human_approval,
ABB_P33_1SDA072421R1_267885600,ABB,33,1SDA072421R1,267885600,UNREVIEWED,missing_human_approval,
ABB_P33_1SDA072501R1_316497600,ABB,33,1SDA072501R1,316497600,UNREVIEWED,missing_human_approval,
ABB_P33_1SDA072551R1_433603200,ABB,33,1SDA072551R1,433603200,UNREVIEWED,missing_human_approval,
ABB_P34_1SDA072261R1_204681600,ABB,34,1SDA072261R1,204681600,UNREVIEWED,missing_human_approval,
ABB_P34_1SDA072891R1_252780000,ABB,34,1SDA072891R1,252780000,UNREVIEWED,missing_human_approval,
ABB_P34_1SDA072291R1_214912800,ABB,34,1SDA072291R1,214912800,UNREVIEWED,missing_human_approval,
ABB_P34_1SDA072921R1_265418400,ABB,34,1SDA072921R1,265418400,UNREVIEWED,missing_human_approval,
ABB_P34_1SDA072321R1_216633600,ABB,34,1SDA072321R1,216633600,UNREVIEWED,missing_human_approval,
ABB_P34_1SDA072951R1_267542400,ABB,34,1SDA072951R1,267542400,UNREVIEWED,missing_human_approval,
ABB_P34_1SDA072361R1_247125600,ABB,34,1SDA072361R1,247125600,UNREVIEWED,missing_human_approval,
ABB_P34_1SDA072991R1_305200800,ABB,34,1SDA072991R1,305200800,UNREVIEWED,missing_human_approval,
ABB_P34_1SDA072401R1_289135200,ABB,34,1SDA072401R1,289135200,UNREVIEWED,missing_human_approval,
ABB_P34_1SDA073031R1_357084000,ABB,34,1SDA073031R1,357084000,UNREVIEWED,missing_human_approval,
ABB_P34_1SDA072431R1_315160800,ABB,34,1SDA072431R1,315160800,UNREVIEWED,missing_human_approval,
ABB_P34_1SDA073061R1_389222400,ABB,34,1SDA073061R1,389222400,UNREVIEWED,missing_human_approval,
ABB_P34_1SDA072511R1_376634400,ABB,34,1SDA072511R1,376634400,UNREVIEWED,missing_human_approval,
ABB_P34_1SDA073141R1_465144000,ABB,34,1SDA073141R1,465144000,UNREVIEWED,missing_human_approval,
ABB_P34_1SDA072561R1_515990400,ABB,34,1SDA072561R1,515990400,UNREVIEWED,missing_human_approval,
ABB_P34_1SDA073191R1_637245600,ABB,34,1SDA073191R1,637245600,UNREVIEWED,missing_human_approval,
ABB_P34_1SDA072611R1_843943200,ABB,34,1SDA072611R1,843943200,UNREVIEWED,missing_human_approval,
ABB_P34_1SDA073241R1_1042272000,ABB,34,1SDA073241R1,1042272000,UNREVIEWED,missing_human_approval,
ABB_P34_1SDA072641R1_1079932800,ABB,34,1SDA072641R1,1079932800,UNREVIEWED,missing_human_approval,
ABB_P34_1SDA073271R1_1333716000,ABB,34,1SDA073271R1,1333716000,UNREVIEWED,missing_human_approval,
ABB_P34_1SDA072451R1_331036800,ABB,34,1SDA072451R1,331036800,UNREVIEWED,missing_human_approval,
ABB_P34_1SDA073081R1_408830400,ABB,34,1SDA073081R1,408830400,UNREVIEWED,missing_human_approval,
ABB_P34_1SDA072471R1_347589600,ABB,34,1SDA072471R1,347589600,UNREVIEWED,missing_human_approval,
ABB_P34_1SDA073101R1_429273600,ABB,34,1SDA073101R1,429273600,UNREVIEWED,missing_human_approval,
ABB_P34_1SDA072521R1_468909600,ABB,34,1SDA072521R1,468909600,UNREVIEWED,missing_human_approval,
ABB_P34_1SDA073151R1_579103200,ABB,34,1SDA073151R1,579103200,UNREVIEWED,missing_human_approval,
ABB_P34_1SDA072591R1_859557600,ABB,34,1SDA072591R1,859557600,UNREVIEWED,missing_human_approval,
ABB_P34_1SDA073221R1_1061553600,ABB,34,1SDA073221R1,1061553600,UNREVIEWED,missing_human_approval,
ABB_P34_1SDA072621R1_886140000,ABB,34,1SDA072621R1,886140000,UNREVIEWED,missing_human_approval,
ABB_P34_1SDA073251R1_1094383200,ABB,34,1SDA073251R1,1094383200,UNREVIEWED,missing_human_approval,
ABB_P34_1SDA072651R1_1133928000,ABB,34,1SDA072651R1,1133928000,UNREVIEWED,missing_human_approval,
ABB_P34_1SDA073281R1_1400404800,ABB,34,1SDA073281R1,1400404800,UNREVIEWED,missing_human_approval,
ABB_P34_1SDA072601R1_1013575200,ABB,34,1SDA072601R1,1013575200,UNREVIEWED,missing_human_approval,
ABB_P34_1SDA073231R1_1251765600,ABB,34,1SDA073231R1,1251765600,UNREVIEWED,missing_human_approval,
ABB_P34_1SDA072631R1_1044919200,ABB,34,1SDA072631R1,1044919200,UNREVIEWED,missing_human_approval,
ABB_P34_1SDA073261R1_1290475200,ABB,34,1SDA073261R1,1290475200,UNREVIEWED,missing_human_approval,
ABB_P34_1SDA072661R1_1337109600,ABB,34,1SDA072661R1,1337109600,UNREVIEWED,missing_human_approval,
ABB_P34_1SDA073291R1_1651332000,ABB,34,1SDA073291R1,1651332000,UNREVIEWED,missing_human_approval,
ABB_P21_1SDA067048R1_8332800,ABB,21,1SDA067048R1,8332800,UNREVIEWED,missing_human_approval,
ABB_P21_1SDA067764R1_8666400,ABB,21,1SDA067764R1,8666400,UNREVIEWED,missing_human_approval,
ABB_P21_1SDA067774R1_9000000,ABB,21,1SDA067774R1,9000000,UNREVIEWED,missing_human_approval,
ABB_P21_1SDA067049R1_8332800,ABB,21,1SDA067049R1,8332800,UNREVIEWED,missing_human_approval,
ABB_P21_1SDA067765R1_8666400,ABB,21,1SDA067765R1,8666400,UNREVIEWED,missing_human_approval,
ABB_P21_1SDA067775R1_9000000,ABB,21,1SDA067775R1,9000000,UNREVIEWED,missing_human_approval,
ABB_P21_1SDA067050R1_8332800,ABB,21,1SDA067050R1,8332800,UNREVIEWED,missing_human_approval,
ABB_P21_1SDA067766R1_8666400,ABB,21,1SDA067766R1,8666400,UNREVIEWED,missing_human_approval,
ABB_P21_1SDA067776R1_9000000,ABB,21,1SDA067776R1,9000000,UNREVIEWED,missing_human_approval,
ABB_P21_1SDA067051R1_8332800,ABB,21,1SDA067051R1,8332800,UNREVIEWED,missing_human_approval,
ABB_P21_1SDA067767R1_8666400,ABB,21,1SDA067767R1,8666400,UNREVIEWED,missing_human_approval,
ABB_P21_1SDA067777R1_9000000,ABB,21,1SDA067777R1,9000000,UNREVIEWED,missing_human_approval,
ABB_P21_1SDA067052R1_8332800,ABB,21,1SDA067052R1,8332800,UNREVIEWED,missing_human_approval,
ABB_P21_1SDA067768R1_8666400,ABB,21,1SDA067768R1,8666400,UNREVIEWED,missing_human_approval,
ABB_P21_1SDA067778R1_9000000,ABB,21,1SDA067778R1,9000000,UNREVIEWED,missing_human_approval,
ABB_P21_1SDA067053R1_8332800,ABB,21,1SDA067053R1,8332800,UNREVIEWED,missing_human_approval,
ABB_P21_1SDA067769R1_8666400,ABB,21,1SDA067769R1,8666400,UNREVIEWED,missing_human_approval,
ABB_P21_1SDA067779R1_9000000,ABB,21,1SDA067779R1,9000000,UNREVIEWED,missing_human_approval,
ABB_P21_1SDA076529R1_9014400,ABB,21,1SDA076529R1,9014400,UNREVIEWED,missing_human_approval,
ABB_P21_1SDA076530R1_9376800,ABB,21,1SDA076530R1,9376800,UNREVIEWED,missing_human_approval,
ABB_P21_1SDA076535R1_9736800,ABB,21,1SDA076535R1,9736800,UNREVIEWED,missing_human_approval,
ABB_P21_1SDA068121R1_13108800,ABB,21,1SDA068121R1,13108800,UNREVIEWED,missing_human_approval,
ABB_P21_1SDA068440R1_14335200,ABB,21,1SDA068440R1,14335200,UNREVIEWED,missing_human_approval,
ABB_P21_1SDA068450R1_18794400,ABB,21,1SDA068450R1,18794400,UNREVIEWED,missing_human_approval,
ABB_P21_1SDA067086R1_18832800,ABB,21,1SDA067086R1,18832800,UNREVIEWED,missing_human_approval,
ABB_P21_1SDA067886R1_19509600,ABB,21,1SDA067886R1,19509600,UNREVIEWED,missing_human_approval,
ABB_P21_1SDA067087R1_18832800,ABB,21,1SDA067087R1,18832800,UNREVIEWED,missing_human_approval,
ABB_P21_1SDA067887R1_19509600,ABB,21,1SDA067887R1,19509600,UNREVIEWED,missing_human_approval,
ABB_P21_1SDA067088R1_18832800,ABB,21,1SDA067088R1,18832800,UNREVIEWED,missing_human_approval,
ABB_P21_1SDA067888R1_19509600,ABB,21,1SDA067888R1,19509600,UNREVIEWED,missing_human_approval,
ABB_P21_1SDA067089R1_18832800,ABB,21,1SDA067089R1,18832800,UNREVIEWED,missing_human_approval,
ABB_P21_1SDA067889R1_19509600,ABB,21,1SDA067889R1,19509600,UNREVIEWED,missing_human_approval,
ABB_P21_1SDA067063R1_16795200,ABB,21,1SDA067063R1,16795200,UNREVIEWED,missing_human_approval,
ABB_P21_1SDA067866R1_17474400,ABB,21,1SDA067866R1,17474400,UNREVIEWED,missing_human_approval,
ABB_P21_1SDA068131R1_16236000,ABB,21,1SDA068131R1,16236000,UNREVIEWED,missing_human_approval,
ABB_P21_1SDA068520R1_19641600,ABB,21,1SDA068520R1,19641600,UNREVIEWED,missing_human_approval,
ABB_P21_1SDA067352R1_12444000,ABB,21,1SDA067352R1,12444000,UNREVIEWED,missing_human_approval,
ABB_P21_1SDA067357R1_14642400,ABB,21,1SDA067357R1,14642400,UNREVIEWED,missing_human_approval,
ABB_P21_1SDA067353R1_12444000,ABB,21,1SDA067353R1,12444000,UNREVIEWED,missing_human_approval,
ABB_P21_1SDA067358R1_14642400,ABB,21,1SDA067358R1,14642400,UNREVIEWED,missing_human_approval,
ABB_P21_1SDA067354R1_12444000,ABB,21,1SDA067354R1,12444000,UNREVIEWED,missing_human_approval,
ABB_P21_1SDA067359R1_14642400,ABB,21,1SDA067359R1,14642400,UNREVIEWED,missing_human_approval,
ABB_P21_1SDA067355R1_13824000,ABB,21,1SDA067355R1,13824000,UNREVIEWED,missing_human_approval,
ABB_P21_1SDA068036R1_26404800,ABB,21,1SDA068036R1,26404800,UNREVIEWED,missing_human_approval,
ABB_P21_1SDA068163R1_10742400,ABB,21,1SDA068163R1,10742400,UNREVIEWED,missing_human_approval,
ABB_P21_1SDA068164R1_11080800,ABB,21,1SDA068164R1,11080800,UNREVIEWED,missing_human_approval,
ABB_P21_1SDA068165R1_11419200,ABB,21,1SDA068165R1,11419200,UNREVIEWED,missing_human_approval,
ABB_P21_1SDA068289R1_8623200,ABB,21,1SDA068289R1,8623200,UNREVIEWED,missing_human_approval,
ABB_P21_1SDA068290R1_10029600,ABB,21,1SDA068290R1,10029600,UNREVIEWED,missing_human_approval,
ABB_P21_1SDA068291R1_11428800,ABB,21,1SDA068291R1,11428800,UNREVIEWED,missing_human_approval,
ABB_P52_1SAM250000R1001_964900,ABB,52,1SAM250000R1001,964900,UNREVIEWED,missing_human_approval,
ABB_P52_1SAM201901R1001_258500,ABB,52,1SAM201901R1001,258500,UNREVIEWED,missing_human_approval,
ABB_P52_1SAM250000R1002_964900,ABB,52,1SAM250000R1002,964900,UNREVIEWED,missing_human_approval,
ABB_P52_1SAM201901R1003_179700,ABB,52,1SAM201901R1003,179700,UNREVIEWED,missing_human_approval,
ABB_P52_1SAM250000R1003_964900,ABB,52,1SAM250000R1003,964900,UNREVIEWED,missing_human_approval,
ABB_P52_1SAM201901R1004_179700,ABB,52,1SAM201901R1004,179700,UNREVIEWED,missing_human_approval,
ABB_P52_1SAM250000R1004_964900,ABB,52,1SAM250000R1004,964900,UNREVIEWED,missing_human_approval,
ABB_P52_1SAM201901R1002_258500,ABB,52,1SAM201901R1002,258500,UNREVIEWED,missing_human_approval,
ABB_P52_1SAM250000R1005_996900,ABB,52,1SAM250000R1005,996900,UNREVIEWED,missing_human_approval,
ABB_P52_1SAM201902R1001_265800,ABB,52,1SAM201902R1001,265800,UNREVIEWED,missing_human_approval,
ABB_P52_1SAM250000R1006_996900,ABB,52,1SAM250000R1006,996900,UNREVIEWED,missing_human_approval,
ABB_P52_1SAM201902R1002_265800,ABB,52,1SAM201902R1002,265800,UNREVIEWED,missing_human_approval,
ABB_P52_1SAM250000R1007_996900,ABB,52,1SAM250000R1007,996900,UNREVIEWED,missing_human_approval,
ABB_P52_1SAM201902R1003_265800,ABB,52,1SAM201902R1003,265800,UNREVIEWED,missing_human_approval,
ABB_P52_1SAM250000R1008_996900,ABB,52,1SAM250000R1008,996900,UNREVIEWED,missing_human_approval,
ABB_P52_1SAM201902R1004_428300,ABB,52,1SAM201902R1004,428300,UNREVIEWED,missing_human_approval,
ABB_P52_1SAM250000R1009_996900,ABB,52,1SAM250000R1009,996900,UNREVIEWED,missing_human_approval,
ABB_P52_1SAM250000R1010_1171700,ABB,52,1SAM250000R1010,1171700,UNREVIEWED,missing_human_approval,
ABB_P52_1SAM250000R1012_1171700,ABB,52,1SAM250000R1012,1171700,UNREVIEWED,missing_human_approval,
ABB_P52_1SAM201903R1001_322500,ABB,52,1SAM201903R1001,322500,UNREVIEWED,missing_human_approval,
ABB_P52_1SAM250000R1011_1171700,ABB,52,1SAM250000R1011,1171700,UNREVIEWED,missing_human_approval,
ABB_P52_1SAM201903R1002_322500,ABB,52,1SAM201903R1002,322500,UNREVIEWED,missing_human_approval,
ABB_P52_1SAM250000R1013_1654200,ABB,52,1SAM250000R1013,1654200,UNREVIEWED,missing_human_approval,
ABB_P52_1SAM201903R1003_322500,ABB,52,1SAM201903R1003,322500,UNREVIEWED,missing_human_approval,
ABB_P52_1SAM250000R1014_1878200,ABB,52,1SAM250000R1014,1878200,UNREVIEWED,missing_human_approval,
ABB_P52_1SAM250000R1015_2350800,ABB,52,1SAM250000R1015,2350800,UNREVIEWED,missing_human_approval,
ABB_P52_1SAM350000R1001_1220900,ABB,52,1SAM350000R1001,1220900,UNREVIEWED,missing_human_approval,
ABB_P52_1SAM201910R1001_955100,ABB,52,1SAM201910R1001,955100,UNREVIEWED,missing_human_approval,
ABB_P52_1SAM350000R1002_1220900,ABB,52,1SAM350000R1002,1220900,UNREVIEWED,missing_human_approval,
ABB_P52_1SAM201910R1002_955100,ABB,52,1SAM201910R1002,955100,UNREVIEWED,missing_human_approval,
ABB_P52_1SAM350000R1003_1220900,ABB,52,1SAM350000R1003,1220900,UNREVIEWED,missing_human_approval,
ABB_P52_1SAM201910R1003_955100,ABB,52,1SAM201910R1003,955100,UNREVIEWED,missing_human_approval,
ABB_P52_1SAM350000R1004_1220900,ABB,52,1SAM350000R1004,1220900,UNREVIEWED,missing_human_approval,
ABB_P52_1SAM201910R1004_955100,ABB,52,1SAM201910R1004,955100,UNREVIEWED,missing_human_approval,
ABB_P52_1SAM350000R1005_1400600,ABB,52,1SAM350000R1005,1400600,UNREVIEWED,missing_human_approval,
ABB_P52_1SAM350000R1006_1400600,ABB,52,1SAM350000R1006,1400600,UNREVIEWED,missing_human_approval,
ABB_P52_1SAM201904R1001_866500,ABB,52,1SAM201904R1001,866500,UNREVIEWED,missing_human_approval,
ABB_P52_1SAM350000R1007_1400600,ABB,52,1SAM350000R1007,1400600,UNREVIEWED,missing_human_approval,
ABB_P52_1SAM201904R1002_866500,ABB,52,1SAM201904R1002,866500,UNREVIEWED,missing_human_approval,
ABB_P52_1SAM350000R1008_1400600,ABB,52,1SAM350000R1008,1400600,UNREVIEWED,missing_human_approval,
ABB_P52_1SAM201904R1003_866500,ABB,52,1SAM201904R1003,866500,UNREVIEWED,missing_human_approval,
ABB_P52_1SAM350000R1009_1400600,ABB,52,1SAM350000R1009,1400600,UNREVIEWED,missing_human_approval,
ABB_P52_1SAM201904R1004_866500,ABB,52,1SAM201904R1004,866500,UNREVIEWED,missing_human_approval,
ABB_P52_1SAM350000R1010_1659100,ABB,52,1SAM350000R1010,1659100,UNREVIEWED,missing_human_approval,
ABB_P52_1SAM350000R1012_1659100,ABB,52,1SAM350000R1012,1659100,UNREVIEWED,missing_human_approval,
ABB_P52_1SAM350000R1011_1659100,ABB,52,1SAM350000R1011,1659100,UNREVIEWED,missing_human_approval,
ABB_P52_1SAM350000R1013_1792000,ABB,52,1SAM350000R1013,1792000,UNREVIEWED,missing_human_approval,
ABB_P52_1SAM201906R1102_376600,ABB,52,1SAM201906R1102,376600,UNREVIEWED,missing_human_approval,
ABB_P52_1SAM350000R1014_2028300,ABB,52,1SAM350000R1014,2028300,UNREVIEWED,missing_human_approval,
ABB_P52_1SAM201906R1103_462800,ABB,52,1SAM201906R1103,462800,UNREVIEWED,missing_human_approval,
ABB_P52_1SAM350000R1015_2555100,ABB,52,1SAM350000R1015,2555100,UNREVIEWED,missing_human_approval,
ABB_P52_1SAM201906R1104_526800,ABB,52,1SAM201906R1104,526800,UNREVIEWED,missing_human_approval,
ABB_P52_1SAM201906R1105_610500,ABB,52,1SAM201906R1105,610500,UNREVIEWED,missing_human_approval,
ABB_P52_1SAM201906R1112_388900,ABB,52,1SAM201906R1112,388900,UNREVIEWED,missing_human_approval,
ABB_P52_1SAM451000R1011_4211700,ABB,52,1SAM451000R1011,4211700,UNREVIEWED,missing_human_approval,
ABB_P52_1SAM201906R1113_489800,ABB,52,1SAM201906R1113,489800,UNREVIEWED,missing_human_approval,
ABB_P52_1SAM451000R1012_4408600,ABB,52,1SAM451000R1012,4408600,UNREVIEWED,missing_human_approval,
ABB_P52_1SAM201906R1114_544000,ABB,52,1SAM201906R1114,544000,UNREVIEWED,missing_human_approval,
ABB_P52_1SAM451000R1013_4536600,ABB,52,1SAM451000R1013,4536600,UNREVIEWED,missing_human_approval,
ABB_P52_1SAM201906R1115_627700,ABB,52,1SAM201906R1115,627700,UNREVIEWED,missing_human_approval,
ABB_P52_1SAM451000R1014_4684300,ABB,52,1SAM451000R1014,4684300,UNREVIEWED,missing_human_approval,
ABB_P52_1SAM201906R1122_401200,ABB,52,1SAM201906R1122,401200,UNREVIEWED,missing_human_approval,
ABB_P52_1SAM451000R1015_4819700,ABB,52,1SAM451000R1015,4819700,UNREVIEWED,missing_human_approval,
ABB_P52_1SAM201906R1123_526800,ABB,52,1SAM201906R1123,526800,UNREVIEWED,missing_human_approval,
ABB_P52_1SAM451000R1016_5058500,ABB,52,1SAM451000R1016,5058500,UNREVIEWED,missing_human_approval,
ABB_P52_1SAM201906R1124_573500,ABB,52,1SAM201906R1124,573500,UNREVIEWED,missing_human_approval,
ABB_P52_1SAM451000R1017_5312000,ABB,52,1SAM451000R1017,5312000,UNREVIEWED,missing_human_approval,
ABB_P52_1SAM201906R1125_674500,ABB,52,1SAM201906R1125,674500,UNREVIEWED,missing_human_approval,
ABB_P53_1SBL137001R4110_627700,ABB,53,1SBL137001R4110,627700,UNREVIEWED,missing_human_approval,
ABB_P53_1SBL137001R4101_627700,ABB,53,1SBL137001R4101,627700,UNREVIEWED,missing_human_approval,
ABB_P53_1SBL137001R1210_627700,ABB,53,1SBL137001R1210,627700,UNREVIEWED,missing_human_approval,
ABB_P53_1SBL137001R1201_627700,ABB,53,1SBL137001R1201,627700,UNREVIEWED,missing_human_approval,
ABB_P53_1SBL137001R1310_627700,ABB,53,1SBL137001R1310,627700,UNREVIEWED,missing_human_approval,
ABB_P53_1SBL137001R1301_627700,ABB,53,1SBL137001R1301,627700,UNREVIEWED,missing_human_approval,
ABB_P53_1SBL137001R1410_627700,ABB,53,1SBL137001R1410,627700,UNREVIEWED,missing_human_approval,
ABB_P53_1SBL137001R1401_627700,ABB,53,1SBL137001R1401,627700,UNREVIEWED,missing_human_approval,
ABB_P53_1SBL157001R4110_753200,ABB,53,1SBL157001R4110,753200,UNREVIEWED,missing_human_approval,
ABB_P53_1SBL157001R4101_753200,ABB,53,1SBL157001R4101,753200,UNREVIEWED,missing_human_approval,
ABB_P53_1SBL157001R1210_753200,ABB,53,1SBL157001R1210,753200,UNREVIEWED,missing_human_approval,
ABB_P53_1SBL157001R1201_753200,ABB,53,1SBL157001R1201,753200,UNREVIEWED,missing_human_approval,
ABB_P53_1SBL157001R1310_753200,ABB,53,1SBL157001R1310,753200,UNREVIEWED,missing_human_approval,
ABB_P53_1SBL157001R1301_753200,ABB,53,1SBL157001R1301,753200,UNREVIEWED,missing_human_approval,
ABB_P53_1SBL157001R1410_753200,ABB,53,1SBL157001R1410,753200,UNREVIEWED,missing_human_approval,
ABB_P53_1SBL157001R1401_753200,ABB,53,1SBL157001R1401,753200,UNREVIEWED,missing_human_approval,
ABB_P53_1SBL177001R4110_1004300,ABB,53,1SBL177001R4110,1004300,UNREVIEWED,missing_human_approval,
ABB_P53_1SBL177001R4101_1004300,ABB,53,1SBL177001R4101,1004300,UNREVIEWED,missing_human_approval,
ABB_P53_1SBL177001R1210_1004300,ABB,53,1SBL177001R1210,1004300,UNREVIEWED,missing_human_approval,
ABB_P53_1SBL177001R1201_1004300,ABB,53,1SBL177001R1201,1004300,UNREVIEWED,missing_human_approval,
ABB_P53_1SBL177001R1310_1004300,ABB,53,1SBL177001R1310,1004300,UNREVIEWED,missing_human_approval,
ABB_P53_1SBL177001R1301_1004300,ABB,53,1SBL177001R1301,1004300,UNREVIEWED,missing_human_approval,
ABB_P53_1SBL177001R1410_1004300,ABB,53,1SBL177001R1410,1004300,UNREVIEWED,missing_human_approval,
ABB_P53_1SBL177001R1401_1004300,ABB,53,1SBL177001R1401,1004300,UNREVIEWED,missing_human_approval,
ABB_P53_1SBL237001R4100_1405500,ABB,53,1SBL237001R4100,1405500,UNREVIEWED,missing_human_approval,
ABB_P53_1SBL237001R1200_1405500,ABB,53,1SBL237001R1200,1405500,UNREVIEWED,missing_human_approval,
ABB_P53_1SBL237001R1300_1405500,ABB,53,1SBL237001R1300,1405500,UNREVIEWED,missing_human_approval,
ABB_P53_1SBL237001R1400_1405500,ABB,53,1SBL237001R1400,1405500,UNREVIEWED,missing_human_approval,
ABB_P53_1SBL277001R4100_1757500,ABB,53,1SBL277001R4100,1757500,UNREVIEWED,missing_human_approval,
ABB_P53_1SBL277001R1200_1757500,ABB,53,1SBL277001R1200,1757500,UNREVIEWED,missing_human_approval,
ABB_P53_1SBL277001R1300_1757500,ABB,53,1SBL277001R1300,1757500,UNREVIEWED,missing_human_approval,
ABB_P53_1SBL277001R1400_1757500,ABB,53,1SBL277001R1400,1757500,UNREVIEWED,missing_human_approval,
ABB_P53_1SBL297001R4100_2771700,ABB,53,1SBL297001R4100,2771700,UNREVIEWED,missing_human_approval,
ABB_P53_1SBL297001R1200_2771700,ABB,53,1SBL297001R1200,2771700,UNREVIEWED,missing_human_approval,
ABB_P53_1SBL297001R1300_2771700,ABB,53,1SBL297001R1300,2771700,UNREVIEWED,missing_human_approval,
ABB_P53_1SBL297001R1400_2771700,ABB,53,1SBL297001R1400,2771700,UNREVIEWED,missing_human_approval,
ABB_P53_1SBL347001R4100_3453500,ABB,53,1SBL347001R4100,3453500,UNREVIEWED,missing_human_approval,
ABB_P53_1SBL347001R1100_5181500,ABB,53,1SBL347001R1100,5181500,UNREVIEWED,missing_human_approval,
ABB_P53_1SBL347001R1200_5181500,ABB,53,1SBL347001R1200,5181500,UNREVIEWED,missing_human_approval,
ABB_P53_1SBL347001R1300_3453500,ABB,53,1SBL347001R1300,3453500,UNREVIEWED,missing_human_approval,
ABB_P53_1SBL347001R1400_3453500,ABB,53,1SBL347001R1400,3453500,UNREVIEWED,missing_human_approval,
ABB_P53_1SBL367001R4100_3492900,ABB,53,1SBL367001R4100,3492900,UNREVIEWED,missing_human_approval,
ABB_P53_1SBL367001R1100_4987100,ABB,53,1SBL367001R1100,4987100,UNREVIEWED,missing_human_approval,
ABB_P53_1SBL367001R1200_4987100,ABB,53,1SBL367001R1200,4987100,UNREVIEWED,missing_human_approval,
ABB_P53_1SBL367001R1300_3492900,ABB,53,1SBL367001R1300,3492900,UNREVIEWED,missing_human_approval,
ABB_P53_1SBL367001R1400_3492900,ABB,53,1SBL367001R1400,3492900,UNREVIEWED,missing_human_approval,
ABB_P54_1SBL387001R1200_5405500,ABB,54,1SBL387001R1200,5405500,UNREVIEWED,missing_human_approval,
ABB_P54_1SBL387001R1300_4396300,ABB,54,1SBL387001R1300,4396300,UNREVIEWED,missing_human_approval,
ABB_P54_1SBL387001R1400_4396300,ABB,54,1SBL387001R1400,4396300,UNREVIEWED,missing_human_approval,
ABB_P54_1SBL397001R4100_5819100,ABB,54,1SBL397001R4100,5819100,UNREVIEWED,missing_human_approval,
ABB_P54_1SBL397001R1100_6840600,ABB,54,1SBL397001R1100,6840600,UNREVIEWED,missing_human_approval,
ABB_P54_1SBL397001R1200_6840600,ABB,54,1SBL397001R1200,6840600,UNREVIEWED,missing_human_approval,
ABB_P54_1SBL397001R1300_5819100,ABB,54,1SBL397001R1300,5819100,UNREVIEWED,missing_human_approval,
ABB_P54_1SBL397001R1400_5819100,ABB,54,1SBL397001R1400,5819100,UNREVIEWED,missing_human_approval,
ABB_P54_1SBL407001R4100_7241800,ABB,54,1SBL407001R4100,7241800,UNREVIEWED,missing_human_approval,
ABB_P54_1SBL407001R1100_7832600,ABB,54,1SBL407001R1100,7832600,UNREVIEWED,missing_human_approval,
ABB_P54_1SBL407001R1200_7832600,ABB,54,1SBL407001R1200,7832600,UNREVIEWED,missing_human_approval,
ABB_P54_1SBL407001R1300_7241800,ABB,54,1SBL407001R1300,7241800,UNREVIEWED,missing_human_approval,
ABB_P54_1SFL427001R1111_10043100,ABB,54,1SFL427001R1111,10043100,UNREVIEWED,missing_human_approval,
ABB_P54_1SFL427001R1211_10043100,ABB,54,1SFL427001R1211,10043100,UNREVIEWED,missing_human_approval,
ABB_P54_1SFL427001R1311_10043100,ABB,54,1SFL427001R1311,10043100,UNREVIEWED,missing_human_approval,
ABB_P54_1SFL447001R1111_11047400,ABB,54,1SFL447001R1111,11047400,UNREVIEWED,missing_human_approval,
ABB_P54_1SFL447001R1211_11047400,ABB,54,1SFL447001R1211,11047400,UNREVIEWED,missing_human_approval,
ABB_P54_1SFL447001R1311_11047400,ABB,54,1SFL447001R1311,11047400,UNREVIEWED,missing_human_approval,
ABB_P54_1SFL467001R1111_11598800,ABB,54,1SFL467001R1111,11598800,UNREVIEWED,missing_human_approval,
ABB_P54_1SFL467001R1211_11598800,ABB,54,1SFL467001R1211,11598800,UNREVIEWED,missing_human_approval,
ABB_P54_1SFL467001R1311_11598800,ABB,54,1SFL467001R1311,11598800,UNREVIEWED,missing_human_approval,
ABB_P54_1SFL487002R1111_12201800,ABB,54,1SFL487002R1111,12201800,UNREVIEWED,missing_human_approval,
ABB_P54_1SFL487002R1211_12201800,ABB,54,1SFL487002R1211,12201800,UNREVIEWED,missing_human_approval,
ABB_P54_1SFL487002R1311_12201800,ABB,54,1SFL487002R1311,12201800,UNREVIEWED,missing_human_approval,
ABB_P54_1SFL527002R1111_14648600,ABB,54,1SFL527002R1111,14648600,UNREVIEWED,missing_human_approval,
ABB_P54_1SFL527002R1211_14648600,ABB,54,1SFL527002R1211,14648600,UNREVIEWED,missing_human_approval,
ABB_P54_1SFL527002R1311_14648600,ABB,54,1SFL527002R1311,14648600,UNREVIEWED,missing_human_approval,
ABB_P54_1SFL547002R1111_17585200,ABB,54,1SFL547002R1111,17585200,UNREVIEWED,missing_human_approval,
ABB_P54_1SFL547002R1211_17585200,ABB,54,1SFL547002R1211,17585200,UNREVIEWED,missing_human_approval,
ABB_P54_1SFL547002R1311_17585200,ABB,54,1SFL547002R1311,17585200,UNREVIEWED,missing_human_approval,
ABB_P54_1SFL587002R1111_21095400,ABB,54,1SFL587002R1111,21095400,UNREVIEWED,missing_human_approval,
ABB_P54_1SFL587002R1211_21095400,ABB,54,1SFL587002R1211,21095400,UNREVIEWED,missing_human_approval,
ABB_P54_1SFL587002R1311_21095400,ABB,54,1SFL587002R1311,21095400,UNREVIEWED,missing_human_approval,
ABB_P54_1SFL607002R1111_25324300,ABB,54,1SFL607002R1111,25324300,UNREVIEWED,missing_human_approval,
ABB_P54_1SFL607002R1211_25324300,ABB,54,1SFL607002R1211,25324300,UNREVIEWED,missing_human_approval,
ABB_P54_1SFL607002R1311_25324300,ABB,54,1SFL607002R1311,25324300,UNREVIEWED,missing_human_approval,
ABB_P54_1SFL577001R6811_30830800,ABB,54,1SFL577001R6811,30830800,UNREVIEWED,missing_human_approval,
ABB_P54_1SFL577001R6911_30830800,ABB,54,1SFL577001R6911,30830800,UNREVIEWED,missing_human_approval,
ABB_P54_1SFL577001R7011_30830800,ABB,54,1SFL577001R7011,30830800,UNREVIEWED,missing_human_approval,
ABB_P54_1SFL577001R7111_30830800,ABB,54,1SFL577001R7111,30830800,UNREVIEWED,missing_human_approval,
ABB_P54_1SFL597001R6811_36315100,ABB,54,1SFL597001R6811,36315100,UNREVIEWED,missing_human_approval,
ABB_P54_1SFL597001R6911_36315100,ABB,54,1SFL597001R6911,36315100,UNREVIEWED,missing_human_approval,
ABB_P54_1SFL597001R7011_36315100,ABB,54,1SFL597001R7011,36315100,UNREVIEWED,missing_human_approval,
ABB_P54_1SFL597001R7111_38934200,ABB,54,1SFL597001R7111,38934200,UNREVIEWED,missing_human_approval,
ABB_P54_1SFL617001R6811_48632600,ABB,54,1SFL617001R6811,48632600,UNREVIEWED,missing_human_approval,
ABB_P54_1SFL617001R6911_48632600,ABB,54,1SFL617001R6911,48632600,UNREVIEWED,missing_human_approval,
ABB_P54_1SFL617001R7011_48632600,ABB,54,1SFL617001R7011,48632600,UNREVIEWED,missing_human_approval,
ABB_P54_1SFL617001R7111_51288600,ABB,54,1SFL617001R7111,51288600,UNREVIEWED,missing_human_approval,
ABB_P61_1SBL351074R8000_2134200,ABB,61,1SBL351074R8000,2134200,UNREVIEWED,missing_human_approval,
ABB_P61_1SBL351074R8800_2134200,ABB,61,1SBL351074R8800,2134200,UNREVIEWED,missing_human_approval,
ABB_P61_1SBL351074R8111_2134200,ABB,61,1SBL351074R8111,2134200,UNREVIEWED,missing_human_approval,
ABB_P61_1SBL351074R8411_2134200,ABB,61,1SBL351074R8411,2134200,UNREVIEWED,missing_human_approval,
ABB_P61_1SBL351074R8011_2134200,ABB,61,1SBL351074R8011,2134200,UNREVIEWED,missing_human_approval,
ABB_P61_1SBL351074R8811_2134200,ABB,61,1SBL351074R8811,2134200,UNREVIEWED,missing_human_approval,
ABB_P61_1SBL371074R8100_2688000,ABB,61,1SBL371074R8100,2688000,UNREVIEWED,missing_human_approval,
ABB_P61_1SBL371074R8400_2688000,ABB,61,1SBL371074R8400,2688000,UNREVIEWED,missing_human_approval,
ABB_P61_1SBL371074R8000_2688000,ABB,61,1SBL371074R8000,2688000,UNREVIEWED,missing_human_approval,
ABB_P61_1SBL371074R8800_2688000,ABB,61,1SBL371074R8800,2688000,UNREVIEWED,missing_human_approval,
ABB_P61_1SBL371074R8111_2688000,ABB,61,1SBL371074R8111,2688000,UNREVIEWED,missing_human_approval,
ABB_P61_1SBL371074R8411_2688000,ABB,61,1SBL371074R8411,2688000,UNREVIEWED,missing_human_approval,
ABB_P61_1SBL371074R8011_2688000,ABB,61,1SBL371074R8011,2688000,UNREVIEWED,missing_human_approval,
ABB_P61_1SBL371074R8811_2688000,ABB,61,1SBL371074R8811,2688000,UNREVIEWED,missing_human_approval,
ABB_P61_1SBL411074R8100_3559400,ABB,61,1SBL411074R8100,3559400,UNREVIEWED,missing_human_approval,
ABB_P61_1SBL411074R8400_3559400,ABB,61,1SBL411074R8400,3559400,UNREVIEWED,missing_human_approval,
ABB_P61_1SBL411074R8000_3559400,ABB,61,1SBL411074R8000,3559400,UNREVIEWED,missing_human_approval,
ABB_P61_1SBL411074R8800_3559400,ABB,61,1SBL411074R8800,3559400,UNREVIEWED,missing_human_approval,
ABB_P61_1SBL411074R8111_3559400,ABB,61,1SBL411074R8111,3559400,UNREVIEWED,missing_human_approval,
ABB_P61_1SBL411074R8411_3559400,ABB,61,1SBL411074R8411,3559400,UNREVIEWED,missing_human_approval,
ABB_P61_1SBL411074R8011_3559400,ABB,61,1SBL411074R8011,3559400,UNREVIEWED,missing_human_approval,
ABB_P61_1SBL411074R8811_3559400,ABB,61,1SBL411074R8811,3559400,UNREVIEWED,missing_human_approval,
ABB_P61_1SFL431074R8111_4430800,ABB,61,1SFL431074R8111,4430800,UNREVIEWED,missing_human_approval,
ABB_P61_1SFL431074R8411_4430800,ABB,61,1SFL431074R8411,4430800,UNREVIEWED,missing_human_approval,
ABB_P61_1SFL431074R8011_4430800,ABB,61,1SFL431074R8011,4430800,UNREVIEWED,missing_human_approval,
ABB_P61_1SFL431074R8811_4430800,ABB,61,1SFL431074R8811,4430800,UNREVIEWED,missing_human_approval,
ABB_P61_1SFL981074R8111_6011100,ABB,61,1SFL981074R8111,6011100,UNREVIEWED,missing_human_approval,
ABB_P61_1SFL981074R8411_6011100,ABB,61,1SFL981074R8411,6011100,UNREVIEWED,missing_human_approval,
ABB_P61_1SFL981074R8011_6011100,ABB,61,1SFL981074R8011,6011100,UNREVIEWED,missing_human_approval,
ABB_P61_1SFL981074R8811_6011100,ABB,61,1SFL981074R8811,6011100,UNREVIEWED,missing_human_approval,
ABB_P61_1SFL991074R8111_7593800,ABB,61,1SFL991074R8111,7593800,UNREVIEWED,missing_human_approval,
ABB_P61_1SFL991074R8411_7593800,ABB,61,1SFL991074R8411,7593800,UNREVIEWED,missing_human_approval,
ABB_P61_1SFL991074R8011_7593800,ABB,61,1SFL991074R8011,7593800,UNREVIEWED,missing_human_approval,
ABB_P61_1SFL991074R8811_7593800,ABB,61,1SFL991074R8811,7593800,UNREVIEWED,missing_human_approval,
ABB_P61_1SFL491074R8111_9459700,ABB,61,1SFL491074R8111,9459700,UNREVIEWED,missing_human_approval,
ABB_P61_1SFL491074R8411_9459700,ABB,61,1SFL491074R8411,9459700,UNREVIEWED,missing_human_approval,
ABB_P61_1SFL491074R8011_9459700,ABB,61,1SFL491074R8011,9459700,UNREVIEWED,missing_human_approval,
ABB_P61_1SFL491074R8811_9459700,ABB,61,1SFL491074R8811,9459700,UNREVIEWED,missing_human_approval,
ABB_P61_1SFL491074R8611_9459700,ABB,61,1SFL491074R8611,9459700,UNREVIEWED,missing_human_approval,
ABB_P61_1SFL501074R8111_11357500,ABB,61,1SFL501074R8111,11357500,UNREVIEWED,missing_human_approval,
ABB_P61_1SFL501074R8411_11357500,ABB,61,1SFL501074R8411,11357500,UNREVIEWED,missing_human_approval,
ABB_P61_1SFL501074R8011_11357500,ABB,61,1SFL501074R8011,11357500,UNREVIEWED,missing_human_approval,
ABB_P61_1SFL501074R8811_11357500,ABB,61,1SFL501074R8811,11357500,UNREVIEWED,missing_human_approval,
ABB_P61_1SFL501074R8611_11357500,ABB,61,1SFL501074R8611,11357500,UNREVIEWED,missing_human_approval,
ABB_P61_1SFL547074R8111_13632000,ABB,61,1SFL547074R8111,13632000,UNREVIEWED,missing_human_approval,
ABB_P61_1SFL547074R8411_13632000,ABB,61,1SFL547074R8411,13632000,UNREVIEWED,missing_human_approval,
ABB_P61_1SFL547074R8011_13632000,ABB,61,1SFL547074R8011,13632000,UNREVIEWED,missing_human_approval,
ABB_P61_1SFL547074R8811_13632000,ABB,61,1SFL547074R8811,13632000,UNREVIEWED,missing_human_approval,
ABB_P61_1SFL587074R811_16354500,ABB,61,1SFL587074R811,16354500,UNREVIEWED,missing_human_approval,
ABB_P41_OT16F3_868800,ABB,41,OT16F3,868800,UNREVIEWED,missing_human_approval,
ABB_P41_OT25F3_936000,ABB,41,OT25F3,936000,UNREVIEWED,missing_human_approval,
ABB_P41_OT40F3_1113600,ABB,41,OT40F3,1113600,UNREVIEWED,missing_human_approval,
ABB_P41_OT63F3_1615200,ABB,41,OT63F3,1615200,UNREVIEWED,missing_human_approval,
ABB_P41_OT80F3_1992000,ABB,41,OT80F3,1992000,UNREVIEWED,missing_human_approval,
ABB_P41_OT100F3_2728800,ABB,41,OT100F3,2728800,UNREVIEWED,missing_human_approval,
ABB_P41_OT125F3_3007200,ABB,41,OT125F3,3007200,UNREVIEWED,missing_human_approval,
ABB_P41_OT160G03P_5292000,ABB,41,OT160G03P,5292000,UNREVIEWED,missing_human_approval,
ABB_P41_OT200E03P_6933600,ABB,41,OT200E03P,6933600,UNREVIEWED,missing_human_approval,
ABB_P41_OT250E03P_8361600,ABB,41,OT250E03P,8361600,UNREVIEWED,missing_human_approval,
ABB_P41_OT315E03P_10120800,ABB,41,OT315E03P,10120800,UNREVIEWED,missing_human_approval,
ABB_P41_OT400E03P_11827200,ABB,41,OT400E03P,11827200,UNREVIEWED,missing_human_approval,
ABB_P41_OT630E03P_19274400,ABB,41,OT630E03P,19274400,UNREVIEWED,missing_human_approval,
ABB_P41_OT800E03P_28538400,ABB,41,OT800E03P,28538400,UNREVIEWED,missing_human_approval,
ABB_P41_OT160G03P_43432800,ABB,41,OT160G03P,43432800,UNREVIEWED,missing_human_approval,
ABB_P41_OT1250E03P_57770400,ABB,41,OT1250E03P,57770400,UNREVIEWED,missing_human_approval,
ABB_P41_OT1600E03P_73912800,ABB,41,OT1600E03P,73912800,UNREVIEWED,missing_human_approval,
ABB_P41_OT2000E03P_108816000,ABB,41,OT2000E03P,108816000,UNREVIEWED,missing_human_approval,
ABB_P41_OT2500E03P_128037600,ABB,41,OT2500E03P,128037600,UNREVIEWED,missing_human_approval,
ABB_P41_OT3200E03P_139548000,ABB,41,OT3200E03P,139548000,UNREVIEWED,missing_human_approval,
ABB_P41_OT4000E03P_192492000,ABB,41,OT4000E03P,192492000,UNREVIEWED,missing_human_approval,
ABB_P41_OTM160E3M230C_37411200,ABB,41,OTM160E3M230C,37411200,UNREVIEWED,missing_human_approval,
ABB_P41_OTM200E3M230C_40588800,ABB,41,OTM200E3M230C,40588800,UNREVIEWED,missing_human_approval,
ABB_P41_OTM315E3M230C_49922400,ABB,41,OTM315E3M230C,49922400,UNREVIEWED,missing_human_approval,
ABB_P41_OTM400E3M230C_54580800,ABB,41,OTM400E3M230C,54580800,UNREVIEWED,missing_human_approval,
ABB_P41_OTM630E3M230C_70279200,ABB,41,OTM630E3M230C,70279200,UNREVIEWED,missing_human_approval,
ABB_P41_OTM800E3M230C_78002400,ABB,41,OTM800E3M230C,78002400,UNREVIEWED,missing_human_approval,
ABB_P41_OTM1000E3M230C_93924000,ABB,41,OTM1000E3M230C,93924000,UNREVIEWED,missing_human_approval,
ABB_P41_OTM1250E3M230C_101995200,ABB,41,OTM1250E3M230C,101995200,UNREVIEWED,missing_human_approval,
ABB_P41_OTM1600E3M230C_121104000,ABB,41,OTM1600E3M230C,121104000,UNREVIEWED,missing_human_approval,
ABB_P41_OTM2000E3M230C_234134400,ABB,41,OTM2000E3M230C,234134400,UNREVIEWED,missing_human_approval,
ABB_P41_OTM2500E3M230C_259262400,ABB,41,OTM2500E3M230C,259262400,UNREVIEWED,missing_human_approval,
ABB_P41_OHB65J6_825,ABB,41,OHB65J6,825,UNREVIEWED,missing_human_approval,
ABB_P41_OHB95J12_1030,ABB,41,OHB95J12,1030,UNREVIEWED,missing_human_approval,
ABB_P41_OHB125J12_1240,ABB,41,OHB125J12,1240,UNREVIEWED,missing_human_approval,
ABB_P41_OHB274J12_1250,ABB,41,OHB274J12,1250,UNREVIEWED,missing_human_approval,
ABB_P41_OHB274J12_1260,ABB,41,OHB274J12,1260,UNREVIEWED,missing_human_approval,
ABB_P41_OHB274J12_1260,ABB,41,OHB274J12,1260,UNREVIEWED,missing_human_approval,
ABB_P41_OHB274J12_1260,ABB,41,OHB274J12,1260,UNREVIEWED,missing_human_approval,
ABB_P42_OT16F4N2_1113600,ABB,42,OT16F4N2,1113600,UNREVIEWED,missing_human_approval,
ABB_P42_OT25F4N2_1192800,ABB,42,OT25F4N2,1192800,UNREVIEWED,missing_human_approval,
ABB_P42_OT40F4N2_1370400,ABB,42,OT40F4N2,1370400,UNREVIEWED,missing_human_approval,
ABB_P42_OT63F4N2_2104800,ABB,42,OT63F4N2,2104800,UNREVIEWED,missing_human_approval,
ABB_P42_OT80F4N2_2474400,ABB,42,OT80F4N2,2474400,UNREVIEWED,missing_human_approval,
ABB_P42_OT100F4N2_3679200,ABB,42,OT100F4N2,3679200,UNREVIEWED,missing_human_approval,
ABB_P42_OT125F4N2_4113600,ABB,42,OT125F4N2,4113600,UNREVIEWED,missing_human_approval,
ABB_P42_OT160G04P_7044000,ABB,42,OT160G04P,7044000,UNREVIEWED,missing_human_approval,
ABB_P42_OT200E04P_8637600,ABB,42,OT200E04P,8637600,UNREVIEWED,missing_human_approval,
ABB_P42_OT250E04P_9888000,ABB,42,OT250E04P,9888000,UNREVIEWED,missing_human_approval,
ABB_P42_OT315E04P_11659200,ABB,42,OT315E04P,11659200,UNREVIEWED,missing_human_approval,
ABB_P42_OT400E04P_13420800,ABB,42,OT400E04P,13420800,UNREVIEWED,missing_human_approval,
ABB_P42_OT630E04P_22963200,ABB,42,OT630E04P,22963200,UNREVIEWED,missing_human_approval,
ABB_P42_OT800E04P_34111200,ABB,42,OT800E04P,34111200,UNREVIEWED,missing_human_approval,
ABB_P42_OT1000E04P_48439200,ABB,42,OT1000E04P,48439200,UNREVIEWED,missing_human_approval,
ABB_P42_OT1250E04P_63900000,ABB,42,OT1250E04P,63900000,UNREVIEWED,missing_human_approval,
ABB_P42_OT1600E04P_79488000,ABB,42,OT1600E04P,79488000,UNREVIEWED,missing_human_approval,
ABB_P42_OT2000E04P_115070400,ABB,42,OT2000E04P,115070400,UNREVIEWED,missing_human_approval,
ABB_P42_OT2500E04P_134292000,ABB,42,OT2500E04P,134292000,UNREVIEWED,missing_human_approval,
ABB_P42_OT3200E04P_173059200,ABB,42,OT3200E04P,173059200,UNREVIEWED,missing_human_approval,
ABB_P42_OT4000E04P_238857600,ABB,42,OT4000E04P,238857600,UNREVIEWED,missing_human_approval,
ABB_P42_OTM160E4M230C_43555200,ABB,42,OTM160E4M230C,43555200,UNREVIEWED,missing_human_approval,
ABB_P42_OTM200E4M230C_47188800,ABB,42,OTM200E4M230C,47188800,UNREVIEWED,missing_human_approval,
ABB_P42_OTM315E4M230C_58104000,ABB,42,OTM315E4M230C,58104000,UNREVIEWED,missing_human_approval,
ABB_P42_OTM400E4M230C_63564000,ABB,42,OTM400E4M230C,63564000,UNREVIEWED,missing_human_approval,
ABB_P42_OTM630E4M230C_81760800,ABB,42,OTM630E4M230C,81760800,UNREVIEWED,missing_human_approval,
ABB_P42_OTM800E4M230C_90744000,ABB,42,OTM800E4M230C,90744000,UNREVIEWED,missing_human_approval,
ABB_P42_OTM1000E4M230C_112797600,ABB,42,OTM1000E4M230C,112797600,UNREVIEWED,missing_human_approval,
ABB_P42_OTM1250E4M230C_122352000,ABB,42,OTM1250E4M230C,122352000,UNREVIEWED,missing_human_approval,
ABB_P42_OTM1600E4M230C_145329600,ABB,42,OTM1600E4M230C,145329600,UNREVIEWED,missing_human_approval,
ABB_P42_OTM2000E4M230C_267568800,ABB,42,OTM2000E4M230C,267568800,UNREVIEWED,missing_human_approval,
ABB_P42_OTM2500E4M230C_296220000,ABB,42,OTM2500E4M230C,296220000,UNREVIEWED,missing_human_approval,
ABB_P42_OHB65J6_825,ABB,42,OHB65J6,825,UNREVIEWED,missing_human_approval,
ABB_P42_OHB95J12_1030,ABB,42,OHB95J12,1030,UNREVIEWED,missing_human_approval,
ABB_P42_OHB125J12_1240,ABB,42,OHB125J12,1240,UNREVIEWED,missing_human_approval,
ABB_P42_OHB274J12_1250,ABB,42,OHB274J12,1250,UNREVIEWED,missing_human_approval,
ABB_P42_OHB274J12_1260,ABB,42,OHB274J12,1260,UNREVIEWED,missing_human_approval,
ABB_P42_OHB274J12_1260,ABB,42,OHB274J12,1260,UNREVIEWED,missing_human_approval,
ABB_P42_OHB274J12_1260,ABB,42,OHB274J12,1260,UNREVIEWED,missing_human_approval,
LS_P1_ABN52C_990000,LS,1,ABN52C,990000,UNREVIEWED,missing_human_approval,
LS_P1_ABN54C_1500000,LS,1,ABN54C,1500000,UNREVIEWED,missing_human_approval,
LS_P1_ABN62C_1100000,LS,1,ABN62C,1100000,UNREVIEWED,missing_human_approval,
LS_P1_ABN104C_1850000,LS,1,ABN104C,1850000,UNREVIEWED,missing_human_approval,
LS_P1_ABN102C_1280000,LS,1,ABN102C,1280000,UNREVIEWED,missing_human_approval,
LS_P1_ABN204C_3450000,LS,1,ABN204C,3450000,UNREVIEWED,missing_human_approval,
LS_P1_ABN202C_2400000,LS,1,ABN202C,2400000,UNREVIEWED,missing_human_approval,
LS_P1_ABN404C_8250000,LS,1,ABN404C,8250000,UNREVIEWED,missing_human_approval,
LS_P1_ABN402C_5800000,LS,1,ABN402C,5800000,UNREVIEWED,missing_human_approval,
LS_P1_ABN804C_15500000,LS,1,ABN804C,15500000,UNREVIEWED,missing_human_approval,
LS_P1_ABS32C_950000,LS,1,ABS32C,950000,UNREVIEWED,missing_human_approval,
LS_P1_ABN804C_18100000,LS,1,ABN804C,18100000,UNREVIEWED,missing_human_approval,
LS_P1_ABS52C_1060000,LS,1,ABS52C,1060000,UNREVIEWED,missing_human_approval,
LS_P1_ABS54C_1550000,LS,1,ABS54C,1550000,UNREVIEWED,missing_human_approval,
LS_P1_ABS102C_1750000,LS,1,ABS102C,1750000,UNREVIEWED,missing_human_approval,
LS_P1_ABS104C_2350000,LS,1,ABS104C,2350000,UNREVIEWED,missing_human_approval,
LS_P1_ABS202C_2700000,LS,1,ABS202C,2700000,UNREVIEWED,missing_human_approval,
LS_P1_ABS204C_3900000,LS,1,ABS204C,3900000,UNREVIEWED,missing_human_approval,
LS_P1_BS32C_115000,LS,1,BS32C,115000,UNREVIEWED,missing_human_approval,
LS_P1_ABS404C_9500000,LS,1,ABS404C,9500000,UNREVIEWED,missing_human_approval,
LS_P1_BS32C_165000,LS,1,BS32C,165000,UNREVIEWED,missing_human_approval,
LS_P1_ABS804C_19800000,LS,1,ABS804C,19800000,UNREVIEWED,missing_human_approval,
LS_P1_ABS804C_22500000,LS,1,ABS804C,22500000,UNREVIEWED,missing_human_approval,
LS_P1_ABS1004B_38500000,LS,1,ABS1004B,38500000,UNREVIEWED,missing_human_approval,
LS_P1_ABN53C_1150000,LS,1,ABN53C,1150000,UNREVIEWED,missing_human_approval,
LS_P1_ABS1204B_42200000,LS,1,ABS1204B,42200000,UNREVIEWED,missing_human_approval,
LS_P1_ABN63C_1300000,LS,1,ABN63C,1300000,UNREVIEWED,missing_human_approval,
LS_P1_TS1000N_63000000,LS,1,TS1000N,63000000,UNREVIEWED,missing_human_approval,
LS_P1_ABN103C_1500000,LS,1,ABN103C,1500000,UNREVIEWED,missing_human_approval,
LS_P1_TS1250N_66000000,LS,1,TS1250N,66000000,UNREVIEWED,missing_human_approval,
LS_P1_ABN203C_2860000,LS,1,ABN203C,2860000,UNREVIEWED,missing_human_approval,
LS_P1_TS1600N_79500000,LS,1,TS1600N,79500000,UNREVIEWED,missing_human_approval,
LS_P1_ABN403C_7150000,LS,1,ABN403C,7150000,UNREVIEWED,missing_human_approval,
LS_P1_TS1000H_68500000,LS,1,TS1000H,68500000,UNREVIEWED,missing_human_approval,
LS_P1_ABN803C_13700000,LS,1,ABN803C,13700000,UNREVIEWED,missing_human_approval,
LS_P1_TS1250H_77000000,LS,1,TS1250H,77000000,UNREVIEWED,missing_human_approval,
LS_P1_ABN803C_15500000,LS,1,ABN803C,15500000,UNREVIEWED,missing_human_approval,
LS_P1_TS1600H_96000000,LS,1,TS1600H,96000000,UNREVIEWED,missing_human_approval,
LS_P1_ABS33C_1120000,LS,1,ABS33C,1120000,UNREVIEWED,missing_human_approval,
LS_P1_ABS53C_1250000,LS,1,ABS53C,1250000,UNREVIEWED,missing_human_approval,
LS_P1_ABS103C_2050000,LS,1,ABS103C,2050000,UNREVIEWED,missing_human_approval,
LS_P1_32GRC_450000,LS,1,32GRC,450000,UNREVIEWED,missing_human_approval,
LS_P1_ABS203C_3350000,LS,1,ABS203C,3350000,UNREVIEWED,missing_human_approval,
LS_P1_32GRHS_450000,LS,1,32GRHS,450000,UNREVIEWED,missing_human_approval,
LS_P1_ABS403C_7700000,LS,1,ABS403C,7700000,UNREVIEWED,missing_human_approval,
LS_P1_32KGRD_450000,LS,1,32KGRD,450000,UNREVIEWED,missing_human_approval,
LS_P1_ABS803C_16100000,LS,1,ABS803C,16100000,UNREVIEWED,missing_human_approval,
LS_P1_EBS52FB_760000,LS,1,EBS52FB,760000,UNREVIEWED,missing_human_approval,
LS_P1_ABS803C_17300000,LS,1,ABS803C,17300000,UNREVIEWED,missing_human_approval,
LS_P1_EBE102FB_1380000,LS,1,EBE102FB,1380000,UNREVIEWED,missing_human_approval,
LS_P1_ABS1003B_33600000,LS,1,ABS1003B,33600000,UNREVIEWED,missing_human_approval,
LS_P1_EBN52C_1820000,LS,1,EBN52C,1820000,UNREVIEWED,missing_human_approval,
LS_P1_ABS1203B_36000000,LS,1,ABS1203B,36000000,UNREVIEWED,missing_human_approval,
LS_P1_EBN102C_2500000,LS,1,EBN102C,2500000,UNREVIEWED,missing_human_approval,
LS_P1_TS1000N_51500000,LS,1,TS1000N,51500000,UNREVIEWED,missing_human_approval,
LS_P1_TS1250N_54000000,LS,1,TS1250N,54000000,UNREVIEWED,missing_human_approval,
LS_P1_EBN53C_2280000,LS,1,EBN53C,2280000,UNREVIEWED,missing_human_approval,
LS_P1_TS1600N_65000000,LS,1,TS1600N,65000000,UNREVIEWED,missing_human_approval,
LS_P1_EBN103C_3000000,LS,1,EBN103C,3000000,UNREVIEWED,missing_human_approval,
LS_P1_TS1000H_53700000,LS,1,TS1000H,53700000,UNREVIEWED,missing_human_approval,
LS_P1_EBN203C_6600000,LS,1,EBN203C,6600000,UNREVIEWED,missing_human_approval,
LS_P1_TS1250H_57500000,LS,1,TS1250H,57500000,UNREVIEWED,missing_human_approval,
LS_P1_EBN403C_11800000,LS,1,EBN403C,11800000,UNREVIEWED,missing_human_approval,
LS_P1_TS1600H_68500000,LS,1,TS1600H,68500000,UNREVIEWED,missing_human_approval,
LS_P1_EBN803C_22500000,LS,1,EBN803C,22500000,UNREVIEWED,missing_human_approval,
LS_P1_TS1000L_75000000,LS,1,TS1000L,75000000,UNREVIEWED,missing_human_approval,
LS_P1_EBN803C_28600000,LS,1,EBN803C,28600000,UNREVIEWED,missing_human_approval,
LS_P2_ABS103C_2500000,LS,2,ABS103C,2500000,UNREVIEWED,missing_human_approval,
LS_P2_EBN104C_4100000,LS,2,EBN104C,4100000,UNREVIEWED,missing_human_approval,
LS_P2_ABS203C_3850000,LS,2,ABS203C,3850000,UNREVIEWED,missing_human_approval,
LS_P2_EBS104C_4700000,LS,2,EBS104C,4700000,UNREVIEWED,missing_human_approval,
LS_P2_EBS204C_9500000,LS,2,EBS204C,9500000,UNREVIEWED,missing_human_approval,
LS_P2_ABS104C_2950000,LS,2,ABS104C,2950000,UNREVIEWED,missing_human_approval,
LS_P2_EBN404C_16600000,LS,2,EBN404C,16600000,UNREVIEWED,missing_human_approval,
LS_P2_ABS204C_4800000,LS,2,ABS204C,4800000,UNREVIEWED,missing_human_approval,
LS_P2_DH100-S_670000,LS,2,DH100-S,670000,UNREVIEWED,missing_human_approval,
LS_P2_SHUNT_1120000,LS,2,SHUNT,1120000,UNREVIEWED,missing_human_approval,
LS_P2_DH125-S_700000,LS,2,DH125-S,700000,UNREVIEWED,missing_human_approval,
LS_P2_SHT_1920000,LS,2,SHT,1920000,UNREVIEWED,missing_human_approval,
LS_P2_DH250-S_710000,LS,2,DH250-S,710000,UNREVIEWED,missing_human_approval,
LS_P2_N~70S_1450000,LS,2,N~70S,1450000,UNREVIEWED,missing_human_approval,
LS_P2_N~80S_1450000,LS,2,N~80S,1450000,UNREVIEWED,missing_human_approval,
LS_P2_EH100-S_990000,LS,2,EH100-S,990000,UNREVIEWED,missing_human_approval,
LS_P2_UVT_1820000,LS,2,UVT,1820000,UNREVIEWED,missing_human_approval,
LS_P2_EH125-S_990000,LS,2,EH125-S,990000,UNREVIEWED,missing_human_approval,
LS_P2_EH250-S_1030000,LS,2,EH250-S,1030000,UNREVIEWED,missing_human_approval,
LS_P2_E-70U_2200000,LS,2,E-70U,2200000,UNREVIEWED,missing_human_approval,
LS_P2_E-80U_2540000,LS,2,E-80U,2540000,UNREVIEWED,missing_human_approval,
LS_P2_AX_575000,LS,2,AX,575000,UNREVIEWED,missing_human_approval,
LS_P2_MOP_6300000,LS,2,MOP,6300000,UNREVIEWED,missing_human_approval,
LS_P2_MOP_6850000,LS,2,MOP,6850000,UNREVIEWED,missing_human_approval,
LS_P2_MCCB_8500000,LS,2,MCCB,8500000,UNREVIEWED,missing_human_approval,
LS_P2_ALARM_550000,LS,2,ALARM,550000,UNREVIEWED,missing_human_approval,
LS_P2_MOP_10400000,LS,2,MOP,10400000,UNREVIEWED,missing_human_approval,
LS_P2_AL_575000,LS,2,AL,575000,UNREVIEWED,missing_human_approval,
LS_P2_MOP_12500000,LS,2,MOP,12500000,UNREVIEWED,missing_human_approval,
LS_P2_MOP_15000000,LS,2,MOP,15000000,UNREVIEWED,missing_human_approval,
LS_P2_AL_770000,LS,2,AL,770000,UNREVIEWED,missing_human_approval,
LS_P2_MI-13S_980000,LS,2,MI-13S,980000,UNREVIEWED,missing_human_approval,
LS_P2_MI-23S_1000000,LS,2,MI-23S,1000000,UNREVIEWED,missing_human_approval,
LS_P2_MI-33S_1030000,LS,2,MI-33S,1030000,UNREVIEWED,missing_human_approval,
LS_P2_MI-43S_1430000,LS,2,MI-43S,1430000,UNREVIEWED,missing_human_approval,
LS_P2_MI-83S_1650000,LS,2,MI-83S,1650000,UNREVIEWED,missing_human_approval,
LS_P3_LA63N_115000,LS,3,LA63N,115000,UNREVIEWED,missing_human_approval,
LS_P3_LB63N_596000,LS,3,LB63N,596000,UNREVIEWED,missing_human_approval,
LS_P3_LA63N_121000,LS,3,LA63N,121000,UNREVIEWED,missing_human_approval,
LS_P3_LB63N_638000,LS,3,LB63N,638000,UNREVIEWED,missing_human_approval,
LS_P3_LA63N_254000,LS,3,LA63N,254000,UNREVIEWED,missing_human_approval,
LS_P3_LB40NN_1080000,LS,3,LB40NN,1080000,UNREVIEWED,missing_human_approval,
LS_P3_LA63N_260000,LS,3,LA63N,260000,UNREVIEWED,missing_human_approval,
LS_P3_LB40NN_1160000,LS,3,LB40NN,1160000,UNREVIEWED,missing_human_approval,
LS_P3_LA63N_406000,LS,3,LA63N,406000,UNREVIEWED,missing_human_approval,
LS_P3_LB50HW_1260000,LS,3,LB50HW,1260000,UNREVIEWED,missing_human_approval,
LS_P3_LA63N_415000,LS,3,LA63N,415000,UNREVIEWED,missing_human_approval,
LS_P3_LB50HW_1260000,LS,3,LB50HW,1260000,UNREVIEWED,missing_human_approval,
LS_P3_LA63N_590000,LS,3,LA63N,590000,UNREVIEWED,missing_human_approval,
LS_P3_LB63HW_5500000,LS,3,LB63HW,5500000,UNREVIEWED,missing_human_approval,
LS_P3_LA63N_674000,LS,3,LA63N,674000,UNREVIEWED,missing_human_approval,
LS_P3_LB63HW_5500000,LS,3,LB63HW,5500000,UNREVIEWED,missing_human_approval,
LS_P3_LA63H_166000,LS,3,LA63H,166000,UNREVIEWED,missing_human_approval,
LS_P3_LA63H_192000,LS,3,LA63H,192000,UNREVIEWED,missing_human_approval,
LS_P3_LA63H_360000,LS,3,LA63H,360000,UNREVIEWED,missing_human_approval,
LS_P3_LA63H_406000,LS,3,LA63H,406000,UNREVIEWED,missing_human_approval,
LS_P3_LA63H_576000,LS,3,LA63H,576000,UNREVIEWED,missing_human_approval,
LS_P3_LC63N_880000,LS,3,LC63N,880000,UNREVIEWED,missing_human_approval,
LS_P3_LA63H_696000,LS,3,LA63H,696000,UNREVIEWED,missing_human_approval,
LS_P3_LC63N_910000,LS,3,LC63N,910000,UNREVIEWED,missing_human_approval,
LS_P3_LA63H_850000,LS,3,LA63H,850000,UNREVIEWED,missing_human_approval,
LS_P3_LC63N_1260000,LS,3,LC63N,1260000,UNREVIEWED,missing_human_approval,
LS_P3_LA63H_990000,LS,3,LA63H,990000,UNREVIEWED,missing_human_approval,
LS_P3_LC63N_1380000,LS,3,LC63N,1380000,UNREVIEWED,missing_human_approval,
LS_P3_LA63L_210000,LS,3,LA63L,210000,UNREVIEWED,missing_human_approval,
LS_P3_LC100H_1090000,LS,3,LC100H,1090000,UNREVIEWED,missing_human_approval,
LS_P3_LA63L_242000,LS,3,LA63L,242000,UNREVIEWED,missing_human_approval,
LS_P3_LC100H_1180000,LS,3,LC100H,1180000,UNREVIEWED,missing_human_approval,
LS_P3_LA63L_506000,LS,3,LA63L,506000,UNREVIEWED,missing_human_approval,
LS_P3_LC100H_1380000,LS,3,LC100H,1380000,UNREVIEWED,missing_human_approval,
LS_P3_LA63L_550000,LS,3,LA63L,550000,UNREVIEWED,missing_human_approval,
LS_P3_LC100H_1550000,LS,3,LC100H,1550000,UNREVIEWED,missing_human_approval,
LS_P3_LA63L_730000,LS,3,LA63L,730000,UNREVIEWED,missing_human_approval,
LS_P3_LC100H_1760000,LS,3,LC100H,1760000,UNREVIEWED,missing_human_approval,
LS_P3_LA63L_825000,LS,3,LA63L,825000,UNREVIEWED,missing_human_approval,
LS_P3_LC100H_2090000,LS,3,LC100H,2090000,UNREVIEWED,missing_human_approval,
LS_P3_LA63L_1160000,LS,3,LA63L,1160000,UNREVIEWED,missing_human_approval,
LS_P3_LA63L_1270000,LS,3,LA63L,1270000,UNREVIEWED,missing_human_approval,
LS_P3_LA125H_320000,LS,3,LA125H,320000,UNREVIEWED,missing_human_approval,
LS_P3_LA125H_596000,LS,3,LA125H,596000,UNREVIEWED,missing_human_approval,
LS_P3_LA125H_686000,LS,3,LA125H,686000,UNREVIEWED,missing_human_approval,
LS_P3_BK05S-T3_1750000,LS,3,BK05S-T3,1750000,UNREVIEWED,missing_human_approval,
LS_P3_LA125H_770000,LS,3,LA125H,770000,UNREVIEWED,missing_human_approval,
LS_P3_BK05S-T3_3440000,LS,3,BK05S-T3,3440000,UNREVIEWED,missing_human_approval,
LS_P3_LA125H_1090000,LS,3,LA125H,1090000,UNREVIEWED,missing_human_approval,
LS_P3_BK10S-T2_1920000,LS,3,BK10S-T2,1920000,UNREVIEWED,missing_human_approval,
LS_P3_LA125H_1200000,LS,3,LA125H,1200000,UNREVIEWED,missing_human_approval,
LS_P3_BK10S-T2_2200000,LS,3,BK10S-T2,2200000,UNREVIEWED,missing_human_approval,
LS_P3_LA125H_1410000,LS,3,LA125H,1410000,UNREVIEWED,missing_human_approval,
LS_P3_BK10S-T2_3750000,LS,3,BK10S-T2,3750000,UNREVIEWED,missing_human_approval,
LS_P3_LA125H_1850000,LS,3,LA125H,1850000,UNREVIEWED,missing_human_approval,
LS_P3_BK20S-T2_2160000,LS,3,BK20S-T2,2160000,UNREVIEWED,missing_human_approval,
LS_P3_BK20S-T2_2520000,LS,3,BK20S-T2,2520000,UNREVIEWED,missing_human_approval,
LS_P3_BK20S-T2_5200000,LS,3,BK20S-T2,5200000,UNREVIEWED,missing_human_approval,
LS_P3_BK30S-T2_2520000,LS,3,BK30S-T2,2520000,UNREVIEWED,missing_human_approval,
LS_P3_BK30S-T2_3100000,LS,3,BK30S-T2,3100000,UNREVIEWED,missing_human_approval,
LS_P3_ALARM_300000,LS,3,ALARM,300000,UNREVIEWED,missing_human_approval,
LS_P3_BK30S-T2_5650000,LS,3,BK30S-T2,5650000,UNREVIEWED,missing_human_approval,
LS_P3_SHUNT_520000,LS,3,SHUNT,520000,UNREVIEWED,missing_human_approval,
LS_P3_BK40S-T2_2300000,LS,3,BK40S-T2,2300000,UNREVIEWED,missing_human_approval,
LS_P3_BK40S-T2_2760000,LS,3,BK40S-T2,2760000,UNREVIEWED,missing_human_approval,
LS_P3_ALARM_354000,LS,3,ALARM,354000,UNREVIEWED,missing_human_approval,
LS_P3_BK40S-T2_4400000,LS,3,BK40S-T2,4400000,UNREVIEWED,missing_human_approval,
LS_P3_SHUNT_550000,LS,3,SHUNT,550000,UNREVIEWED,missing_human_approval,
LS_P3_BK40S-T2_6800000,LS,3,BK40S-T2,6800000,UNREVIEWED,missing_human_approval,
LS_P4_MC-6A_420000,LS,4,MC-6A,420000,UNREVIEWED,missing_human_approval,
LS_P4_MT-12_470000,LS,4,MT-12,470000,UNREVIEWED,missing_human_approval,
LS_P4_MC-9A_440000,LS,4,MC-9A,440000,UNREVIEWED,missing_human_approval,
LS_P4_MT-32_530000,LS,4,MT-32,530000,UNREVIEWED,missing_human_approval,
LS_P4_MC-12A_460000,LS,4,MC-12A,460000,UNREVIEWED,missing_human_approval,
LS_P4_MT-32_530000,LS,4,MT-32,530000,UNREVIEWED,missing_human_approval,
LS_P4_MC-18A_700000,LS,4,MC-18A,700000,UNREVIEWED,missing_human_approval,
LS_P4_MT-63_1020000,LS,4,MT-63,1020000,UNREVIEWED,missing_human_approval,
LS_P4_MC-9B_460000,LS,4,MC-9B,460000,UNREVIEWED,missing_human_approval,
LS_P4_MT-95_1700000,LS,4,MT-95,1700000,UNREVIEWED,missing_human_approval,
LS_P4_MC-12B_520000,LS,4,MC-12B,520000,UNREVIEWED,missing_human_approval,
LS_P4_MT-150_2500000,LS,4,MT-150,2500000,UNREVIEWED,missing_human_approval,
LS_P4_MC-18B_740000,LS,4,MC-18B,740000,UNREVIEWED,missing_human_approval,
LS_P4_MC-22B_910000,LS,4,MC-22B,910000,UNREVIEWED,missing_human_approval,
LS_P4_MT-400_5840000,LS,4,MT-400,5840000,UNREVIEWED,missing_human_approval,
LS_P4_MC-32A_1320000,LS,4,MC-32A,1320000,UNREVIEWED,missing_human_approval,
LS_P4_MT-800_11000000,LS,4,MT-800,11000000,UNREVIEWED,missing_human_approval,
LS_P4_MC-40A_1580000,LS,4,MC-40A,1580000,UNREVIEWED,missing_human_approval,
LS_P4_MC-50A_2060000,LS,4,MC-50A,2060000,UNREVIEWED,missing_human_approval,
LS_P4_GMP22-2P_1160000,LS,4,GMP22-2P,1160000,UNREVIEWED,missing_human_approval,
LS_P4_MC-65A_2320000,LS,4,MC-65A,2320000,UNREVIEWED,missing_human_approval,
LS_P4_GMP22-3P_1740000,LS,4,GMP22-3P,1740000,UNREVIEWED,missing_human_approval,
LS_P4_MC-75A_2640000,LS,4,MC-75A,2640000,UNREVIEWED,missing_human_approval,
LS_P4_GMP40-2P_1260000,LS,4,GMP40-2P,1260000,UNREVIEWED,missing_human_approval,
LS_P4_MC-85A_3140000,LS,4,MC-85A,3140000,UNREVIEWED,missing_human_approval,
LS_P4_GMP40-3P_1740000,LS,4,GMP40-3P,1740000,UNREVIEWED,missing_human_approval,
LS_P4_MC-100A_4140000,LS,4,MC-100A,4140000,UNREVIEWED,missing_human_approval,
LS_P4_GMP60-T_1080000,LS,4,GMP60-T,1080000,UNREVIEWED,missing_human_approval,
LS_P4_MC-130A_5000000,LS,4,MC-130A,5000000,UNREVIEWED,missing_human_approval,
LS_P4_MC-150A_6400000,LS,4,MC-150A,6400000,UNREVIEWED,missing_human_approval,
LS_P4_MC-185A_7940000,LS,4,MC-185A,7940000,UNREVIEWED,missing_human_approval,
LS_P4_MC-225A_9520000,LS,4,MC-225A,9520000,UNREVIEWED,missing_human_approval,
LS_P4_MC-265A_12900000,LS,4,MC-265A,12900000,UNREVIEWED,missing_human_approval,
LS_P4_MC-330A_14000000,LS,4,MC-330A,14000000,UNREVIEWED,missing_human_approval,
LS_P4_MC-400A_16400000,LS,4,MC-400A,16400000,UNREVIEWED,missing_human_approval,
LS_P4_MC-500A_32200000,LS,4,MC-500A,32200000,UNREVIEWED,missing_human_approval,
LS_P4_MC-630A_33600000,LS,4,MC-630A,33600000,UNREVIEWED,missing_human_approval,
LS_P4_MC-800A_43200000,LS,4,MC-800A,43200000,UNREVIEWED,missing_human_approval,
LS_P4_2NO2NC_630000,LS,4,2NO2NC,630000,UNREVIEWED,missing_human_approval,
LS_P4_3NO3NC_750000,LS,4,3NO3NC,750000,UNREVIEWED,missing_human_approval,
LS_P4_4NO4NC_850000,LS,4,4NO4NC,850000,UNREVIEWED,missing_human_approval,
LS_P4_MC6A_280000,LS,4,MC6A,280000,UNREVIEWED,missing_human_approval,
LS_P4_2NO2NC_710000,LS,4,2NO2NC,710000,UNREVIEWED,missing_human_approval,
LS_P4_MC32A_280000,LS,4,MC32A,280000,UNREVIEWED,missing_human_approval,
LS_P4_3NO3NC_830000,LS,4,3NO3NC,830000,UNREVIEWED,missing_human_approval,
LS_P4_MC-50A_330000,LS,4,MC-50A,330000,UNREVIEWED,missing_human_approval,
LS_P4_4NO4NC_970000,LS,4,4NO4NC,970000,UNREVIEWED,missing_human_approval,
LS_P4_MC-75A_440000,LS,4,MC-75A,440000,UNREVIEWED,missing_human_approval,
LS_P4_MC-130A_2100000,LS,4,MC-130A,2100000,UNREVIEWED,missing_human_approval,
LS_P4_MC-185A_2860000,LS,4,MC-185A,2860000,UNREVIEWED,missing_human_approval,
LS_P4_UA-1_136000,LS,4,UA-1,136000,UNREVIEWED,missing_human_approval,
LS_P4_MC-330A_5160000,LS,4,MC-330A,5160000,UNREVIEWED,missing_human_approval,
LS_P4_UA-2_136000,LS,4,UA-2,136000,UNREVIEWED,missing_human_approval,
LS_P4_MC-630A_6800000,LS,4,MC-630A,6800000,UNREVIEWED,missing_human_approval,
LS_P4_UA-4_230000,LS,4,UA-4,230000,UNREVIEWED,missing_human_approval,
LS_P4_AU-100_280000,LS,4,AU-100,280000,UNREVIEWED,missing_human_approval,
LS_P4_AC-50_680000,LS,4,AC-50,680000,UNREVIEWED,missing_human_approval,
LS_P4_UR-2_280000,LS,4,UR-2,280000,UNREVIEWED,missing_human_approval,
LS_P4_AC-75_680000,LS,4,AC-75,680000,UNREVIEWED,missing_human_approval,
LS_P4_AR-180_980000,LS,4,AR-180,980000,UNREVIEWED,missing_human_approval,
LS_P4_AR-600_14400000,LS,4,AR-600,14400000,UNREVIEWED,missing_human_approval,
LS_P4_MW-9BB~22BB_960000,LS,4,MW-9BB~22BB,960000,UNREVIEWED,missing_human_approval,
LS_P5_AN-06D3-06H_58500000,LS,5,AN-06D3-06H,58500000,UNREVIEWED,missing_human_approval,
LS_P5_AN-06D3-06H_40000000,LS,5,AN-06D3-06H,40000000,UNREVIEWED,missing_human_approval,
LS_P5_AN-08D3-08H_62800000,LS,5,AN-08D3-08H,62800000,UNREVIEWED,missing_human_approval,
LS_P5_AN-08D3-08H_46500000,LS,5,AN-08D3-08H,46500000,UNREVIEWED,missing_human_approval,
LS_P5_AN-10D3-10H_64500000,LS,5,AN-10D3-10H,64500000,UNREVIEWED,missing_human_approval,
LS_P5_AN-10D3-10H_48000000,LS,5,AN-10D3-10H,48000000,UNREVIEWED,missing_human_approval,
LS_P5_AN-13D3-13H_67500000,LS,5,AN-13D3-13H,67500000,UNREVIEWED,missing_human_approval,
LS_P5_AN-13D3-13H_51600000,LS,5,AN-13D3-13H,51600000,UNREVIEWED,missing_human_approval,
LS_P5_AN-16D3-16H_71800000,LS,5,AN-16D3-16H,71800000,UNREVIEWED,missing_human_approval,
LS_P5_AN-16D3-16H_58500000,LS,5,AN-16D3-16H,58500000,UNREVIEWED,missing_human_approval,
LS_P5_AS-20E3-20H_96500000,LS,5,AS-20E3-20H,96500000,UNREVIEWED,missing_human_approval,
LS_P5_AS-20E3-20H_80500000,LS,5,AS-20E3-20H,80500000,UNREVIEWED,missing_human_approval,
LS_P5_AS-25E3-25H_135000000,LS,5,AS-25E3-25H,135000000,UNREVIEWED,missing_human_approval,
LS_P5_AS-25E3-25H_118000000,LS,5,AS-25E3-25H,118000000,UNREVIEWED,missing_human_approval,
LS_P5_AS-32E3-32H_156800000,LS,5,AS-32E3-32H,156800000,UNREVIEWED,missing_human_approval,
LS_P5_AS-32E3-32H_138000000,LS,5,AS-32E3-32H,138000000,UNREVIEWED,missing_human_approval,
LS_P5_AS-40E3-40V_261000000,LS,5,AS-40E3-40V,261000000,UNREVIEWED,missing_human_approval,
LS_P5_AS-40E3-40V_249000000,LS,5,AS-40E3-40V,249000000,UNREVIEWED,missing_human_approval,
LS_P5_AS-40F3-40H_268000000,LS,5,AS-40F3-40H,268000000,UNREVIEWED,missing_human_approval,
LS_P5_AS-40F3-40H_255000000,LS,5,AS-40F3-40H,255000000,UNREVIEWED,missing_human_approval,
LS_P5_AS-50F3-50H_275000000,LS,5,AS-50F3-50H,275000000,UNREVIEWED,missing_human_approval,
LS_P5_AS-50F3-50H_258000000,LS,5,AS-50F3-50H,258000000,UNREVIEWED,missing_human_approval,
LS_P5_AS-63G3-63H_460000000,LS,5,AS-63G3-63H,460000000,UNREVIEWED,missing_human_approval,
LS_P5_AS-63G3-63H_438000000,LS,5,AS-63G3-63H,438000000,UNREVIEWED,missing_human_approval,
LS_P5_AN-06D4-06H_64500000,LS,5,AN-06D4-06H,64500000,UNREVIEWED,missing_human_approval,
LS_P5_AN-06D4-06H_49500000,LS,5,AN-06D4-06H,49500000,UNREVIEWED,missing_human_approval,
LS_P5_AN-08D4-08H_70500000,LS,5,AN-08D4-08H,70500000,UNREVIEWED,missing_human_approval,
LS_P5_AN-08D4-08H_56000000,LS,5,AN-08D4-08H,56000000,UNREVIEWED,missing_human_approval,
LS_P5_AN-10D4-10H_72800000,LS,5,AN-10D4-10H,72800000,UNREVIEWED,missing_human_approval,
LS_P5_AN-10D4-10H_58000000,LS,5,AN-10D4-10H,58000000,UNREVIEWED,missing_human_approval,
LS_P5_AN-13D4-13H_76500000,LS,5,AN-13D4-13H,76500000,UNREVIEWED,missing_human_approval,
LS_P5_AN-13D4-13H_61000000,LS,5,AN-13D4-13H,61000000,UNREVIEWED,missing_human_approval,
LS_P5_AN-16D4-16H_84000000,LS,5,AN-16D4-16H,84000000,UNREVIEWED,missing_human_approval,
LS_P5_AN-16D4-16H_67500000,LS,5,AN-16D4-16H,67500000,UNREVIEWED,missing_human_approval,
LS_P5_AS-20E4-20H_118000000,LS,5,AS-20E4-20H,118000000,UNREVIEWED,missing_human_approval,
LS_P5_AS-20E4-20H_100800000,LS,5,AS-20E4-20H,100800000,UNREVIEWED,missing_human_approval,
LS_P5_AS-25E4-25H_158000000,LS,5,AS-25E4-25H,158000000,UNREVIEWED,missing_human_approval,
LS_P5_AS-25E4-25H_142000000,LS,5,AS-25E4-25H,142000000,UNREVIEWED,missing_human_approval,
LS_P5_AS-32E4-32H_188000000,LS,5,AS-32E4-32H,188000000,UNREVIEWED,missing_human_approval,
LS_P5_AS-32E4-32H_171000000,LS,5,AS-32E4-32H,171000000,UNREVIEWED,missing_human_approval,
LS_P5_AS-40E4-40V_316000000,LS,5,AS-40E4-40V,316000000,UNREVIEWED,missing_human_approval,
LS_P5_AS-40E4-40V_299000000,LS,5,AS-40E4-40V,299000000,UNREVIEWED,missing_human_approval,
LS_P5_AS-40F4-40H_330000000,LS,5,AS-40F4-40H,330000000,UNREVIEWED,missing_human_approval,
LS_P5_AS-40F4-40H_318000000,LS,5,AS-40F4-40H,318000000,UNREVIEWED,missing_human_approval,
LS_P5_AS-50F4-50H_342000000,LS,5,AS-50F4-50H,342000000,UNREVIEWED,missing_human_approval,
LS_P5_AS-50F4-50H_329000000,LS,5,AS-50F4-50H,329000000,UNREVIEWED,missing_human_approval,
LS_P5_AS-63G4-63H_598000000,LS,5,AS-63G4-63H,598000000,UNREVIEWED,missing_human_approval,
LS_P5_AS-63G4-63H_576000000,LS,5,AS-63G4-63H,576000000,UNREVIEWED,missing_human_approval,
LS_P5_UVTUDC_2900000,LS,5,UVTUDC,2900000,UNREVIEWED,missing_human_approval,
LS_P5_SHUNT_1580000,LS,5,SHUNT,1580000,UNREVIEWED,missing_human_approval,
CHINT_P3_NXM-400S_4200000,CHINT,3,NXM-400S,4200000,UNREVIEWED,missing_human_approval,
CHINT_P3_NXM-630S_6200000,CHINT,3,NXM-630S,6200000,UNREVIEWED,missing_human_approval,
CHINT_P3_NXM-800S_10000000,CHINT,3,NXM-800S,10000000,UNREVIEWED,missing_human_approval,
CHINT_P3_NXM-1000S_16200000,CHINT,3,NXM-1000S,16200000,UNREVIEWED,missing_human_approval,
CHINT_P3_NXM-1600H_30000000,CHINT,3,NXM-1600H,30000000,UNREVIEWED,missing_human_approval,
CHINT_P3_NM1-125C_800000,CHINT,3,NM1-125C,800000,UNREVIEWED,missing_human_approval,
CHINT_P3_NM1-125C_860000,CHINT,3,NM1-125C,860000,UNREVIEWED,missing_human_approval,
CHINT_P3_NM1-250S_1400000,CHINT,3,NM1-250S,1400000,UNREVIEWED,missing_human_approval,
CHINT_P3_NM1-400S_4200000,CHINT,3,NM1-400S,4200000,UNREVIEWED,missing_human_approval,
CHINT_P3_NM1-630S_6200000,CHINT,3,NM1-630S,6200000,UNREVIEWED,missing_human_approval,
CHINT_P3_NM1-800S_10000000,CHINT,3,NM1-800S,10000000,UNREVIEWED,missing_human_approval,
CHINT_P3_NM1-1250H_20000000,CHINT,3,NM1-1250H,20000000,UNREVIEWED,missing_human_approval,
CHINT_P4_NXC-09_204000,CHINT,4,NXC-09,204000,UNREVIEWED,missing_human_approval,
CHINT_P4_NXC-12_208000,CHINT,4,NXC-12,208000,UNREVIEWED,missing_human_approval,
CHINT_P4_NXC-16_220000,CHINT,4,NXC-16,220000,UNREVIEWED,missing_human_approval,
CHINT_P4_NXC-18_230000,CHINT,4,NXC-18,230000,UNREVIEWED,missing_human_approval,
CHINT_P4_NXC-22_244000,CHINT,4,NXC-22,244000,UNREVIEWED,missing_human_approval,
CHINT_P4_NXC-25_324000,CHINT,4,NXC-25,324000,UNREVIEWED,missing_human_approval,
CHINT_P4_NXC-32_436000,CHINT,4,NXC-32,436000,UNREVIEWED,missing_human_approval,
CHINT_P4_NXC-38_462000,CHINT,4,NXC-38,462000,UNREVIEWED,missing_human_approval,
CHINT_P4_NXC-40_748000,CHINT,4,NXC-40,748000,UNREVIEWED,missing_human_approval,
CHINT_P4_NXC-50_770000,CHINT,4,NXC-50,770000,UNREVIEWED,missing_human_approval,
CHINT_P4_NXC-65_920000,CHINT,4,NXC-65,920000,UNREVIEWED,missing_human_approval,
CHINT_P4_NXC-75_1260000,CHINT,4,NXC-75,1260000,UNREVIEWED,missing_human_approval,
CHINT_P4_NXC-85_1282000,CHINT,4,NXC-85,1282000,UNREVIEWED,missing_human_approval,
CHINT_P4_NXC-100_1460000,CHINT,4,NXC-100,1460000,UNREVIEWED,missing_human_approval,
CHINT_P4_NXC-120_3100000,CHINT,4,NXC-120,3100000,UNREVIEWED,missing_human_approval,
CHINT_P4_NXC-160_3400000,CHINT,4,NXC-160,3400000,UNREVIEWED,missing_human_approval,
CHINT_P4_NXC-185_3780000,CHINT,4,NXC-185,3780000,UNREVIEWED,missing_human_approval,
CHINT_P4_NXC-225_4080000,CHINT,4,NXC-225,4080000,UNREVIEWED,missing_human_approval,
CHINT_P4_NXC-265_5500000,CHINT,4,NXC-265,5500000,UNREVIEWED,missing_human_approval,
CHINT_P4_NXC-330_8800000,CHINT,4,NXC-330,8800000,UNREVIEWED,missing_human_approval,
CHINT_P4_NXC-400_9060000,CHINT,4,NXC-400,9060000,UNREVIEWED,missing_human_approval,
CHINT_P4_NXC-500_12420000,CHINT,4,NXC-500,12420000,UNREVIEWED,missing_human_approval,
CHINT_P4_NXC-630_18560000,CHINT,4,NXC-630,18560000,UNREVIEWED,missing_human_approval,
CHINT_P5_NXR-25_240000,CHINT,5,NXR-25,240000,UNREVIEWED,missing_human_approval,
CHINT_P5_NXR-38_320000,CHINT,5,NXR-38,320000,UNREVIEWED,missing_human_approval,
CHINT_P5_NXR-100_540000,CHINT,5,NXR-100,540000,UNREVIEWED,missing_human_approval,
CHINT_P5_F4-11_44000,CHINT,5,F4-11,44000,UNREVIEWED,missing_human_approval,
CHINT_P5_F4-22_84000,CHINT,5,F4-22,84000,UNREVIEWED,missing_human_approval,
CHINT_P5_F5-T2_480000,CHINT,5,F5-T2,480000,UNREVIEWED,missing_human_approval,
CHINT_P5_F5-D2_480000,CHINT,5,F5-D2,480000,UNREVIEWED,missing_human_approval,
